row_type,generation,rank,population_size,score,score_mean,score_median,score_std,score_min,score_max,best_rank,best_tree_summary,mean_score,field_count,trials_per_field,total_eval_runs,agent_count,seed,field_seed,eval_field_index,eval_trial_index,eval_field_seed,eval_run_seed,max_steps,steps_executed,converged,converge_step,best_field_final,mean_field_final,best_field_min_over_run,improvement_from_start,swarm_radius_final,avg_speed_final,runtime_ms,tree_summary
candidate,1,1,,1.5220516301750002,,,,,,,,1.5220516301750002,2,2,4,2,4,20260408,1,1,20260408,4,3,3,0,-1,12.3048,13.6994,12.3048,0.23325,0.81867,0.936259,0.025458,"0: split feature=accel threshold=4.5536 | 1: split feature=speed threshold=1.2753 | 2: split feature=neighbor_count threshold=9.1315 | 3: split feature=neighbor_count threshold=7.8191 | 4: split feature=accel threshold=0.7509 | 5: split feature=speed threshold=4.4666 | 6: split feature=neighbor_count threshold=5.1932 | 7: leaf actions=[-1, 1, 0, 0] | 8: leaf actions=[1, -1, 1, -1] | 9: leaf actions=[0, -1, -1, -1] | 10: leaf actions=[1, 1, -1, 0] | 11: leaf actions=[1, -1, 0, 1] | 12: leaf actions=[-1, 1, -1, 0] | 13: leaf actions=[0, 1, -1, 0] | 14: leaf actions=[-1, 1, -1, 0]"
candidate,1,2,,1.506825320825,,,,,,,,1.506825320825,2,2,4,2,4,20260408,1,1,20260408,4,3,3,0,-1,12.2981,13.7016,12.2981,0.231037,0.824167,0.924882,0.026042,"0: split feature=field_delta threshold=0.0000 | 1: split feature=neighbor_count threshold=0.4858 | 2: split feature=nearest_neighbor_distance threshold=24.2964 | 3: split feature=field_delta threshold=46.7800 | 4: split feature=field_delta threshold=8.3382 | 5: split feature=accel threshold=4.0375 | 6: split feature=field_delta threshold=-36.0254 | 7: leaf actions=[-1, 1, 0, 1] | 8: leaf actions=[1, 1, -1, 0] | 9: leaf actions=[-1, 1, -1, 1] | 10: leaf actions=[0, 0, 1, -1] | 11: leaf actions=[0, 0, 0, 1] | 12: leaf actions=[1, -1, 1, 0] | 13: leaf actions=[0, 1, 0, -1] | 14: leaf actions=[1, -1, -1, 1]"
generation,1,,2,1.5220516301750002,1.5144384755,1.5144384755,0.007613154675000122,1.506825320825,1.5220516301750002,1,"0: split feature=accel threshold=4.5536 | 1: split feature=speed threshold=1.2753 | 2: split feature=neighbor_count threshold=9.1315 | 3: split feature=neighbor_count threshold=7.8191 | 4: split feature=accel threshold=0.7509 | 5: split feature=speed threshold=4.4666 | 6: split feature=neighbor_count threshold=5.1932 | 7: leaf actions=[-1, 1, 0, 0] | 8: leaf actions=[1, -1, 1, -1] | 9: leaf actions=[0, -1, -1, -1] | 10: leaf actions=[1, 1, -1, 0] | 11: leaf actions=[1, -1, 0, 1] | 12: leaf actions=[-1, 1, -1, 0] | 13: leaf actions=[0, 1, -1, 0] | 14: leaf actions=[-1, 1, -1, 0]",1.5220516301750002,2,2,4,2,4,20260408,1,1,20260408,4,3,3.0,0.0,-1,12.301449999999999,13.7005,12.2981,0.2321435,0.8214185,0.9305705,0.025750000000000002,
candidate,1,1,,106.38504453574998,,,,,,,,106.38504453574998,10,10,100,5,100,20260416,9,9,20260416,100,7500,1032,1,1032,-202.915,-201.976,-202.994,174.657,2.92639,0.524784,15.0486,"0: split feature=speed threshold=3.7339 | 1: split feature=neighbor_count threshold=6.1714 | 2: split feature=neighbor_count threshold=0.9170 | 3: split feature=nearest_neighbor_distance threshold=44.1348 | 4: split feature=nearest_neighbor_distance threshold=29.2299 | 5: split feature=speed threshold=1.7591 | 6: split feature=neighbor_count threshold=0.0768 | 7: leaf actions=[0, 1, 1, 1] | 8: leaf actions=[-1, 1, -1, 0] | 9: leaf actions=[1, 1, 0, 1] | 10: leaf actions=[1, 1, 1, 0] | 11: leaf actions=[1, 0, 1, 1] | 12: leaf actions=[0, 1, 1, 1] | 13: leaf actions=[0, 0, 0, -1] | 14: leaf actions=[1, 0, 1, -1]"
candidate,1,2,,105.41997284222843,,,,,,,,105.41997284222843,10,10,100,5,100,20260416,9,9,20260416,100,7500,761,1,761,-196.545,-195.51,-203.001,174.346,2.15675,0.347226,10.5823,"0: split feature=mean_neighbor_distance threshold=14.9303 | 1: split feature=accel threshold=7.0043 | 2: split feature=field_delta threshold=-42.9273 | 3: split feature=speed threshold=1.5518 | 4: split feature=field_delta threshold=24.3842 | 5: split feature=neighbor_count threshold=6.7793 | 6: split feature=accel threshold=0.0678 | 7: leaf actions=[-1, 1, -1, 1] | 8: leaf actions=[0, -1, 1, 1] | 9: leaf actions=[1, -1, 0, -1] | 10: leaf actions=[0, -1, -1, 1] | 11: leaf actions=[1, 0, 1, -1] | 12: leaf actions=[0, -1, 1, 0] | 13: leaf actions=[0, 1, 0, -1] | 14: leaf actions=[0, 1, 0, 0]"
candidate,1,3,,104.91855045985999,,,,,,,,104.91855045985999,10,10,100,5,100,20260416,9,9,20260416,100,7500,971,1,971,-202.908,-201.576,-203.001,174.692,3.30753,2.20351,14.2782,"0: split feature=field_delta threshold=18.6771 | 1: split feature=accel threshold=5.3041 | 2: split feature=neighbor_count threshold=3.9577 | 3: split feature=field_delta threshold=46.9595 | 4: split feature=mean_neighbor_distance threshold=31.7804 | 5: split feature=accel threshold=0.4815 | 6: split feature=nearest_neighbor_distance threshold=8.7638 | 7: leaf actions=[0, 1, 1, 1] | 8: leaf actions=[1, 1, -1, 0] | 9: leaf actions=[1, 0, 1, -1] | 10: leaf actions=[1, 1, 0, 1] | 11: leaf actions=[-1, 1, 0, 1] | 12: leaf actions=[1, 1, -1, 0] | 13: leaf actions=[-1, -1, -1, -1] | 14: leaf actions=[-1, 0, -1, -1]"
candidate,1,4,,103.24657278962002,,,,,,,,103.24657278962002,10,10,100,5,100,20260416,9,9,20260416,100,7500,1467,1,1467,-168.561,-139.796,-202.979,174.35,5.55634,0.654554,21.3059,"0: split feature=speed threshold=0.9230 | 1: split feature=neighbor_count threshold=11.2703 | 2: split feature=nearest_neighbor_distance threshold=2.5053 | 3: split feature=speed threshold=4.8930 | 4: split feature=mean_neighbor_distance threshold=13.2865 | 5: split feature=speed threshold=1.0217 | 6: split feature=speed threshold=3.1607 | 7: leaf actions=[1, 1, -1, -1] | 8: leaf actions=[-1, 1, -1, 1] | 9: leaf actions=[0, -1, 1, 0] | 10: leaf actions=[0, 1, 0, -1] | 11: leaf actions=[-1, 1, 0, -1] | 12: leaf actions=[0, 0, 1, 0] | 13: leaf actions=[1, -1, 0, 1] | 14: leaf actions=[-1, 0, 0, -1]"
candidate,1,5,,101.79779533922387,,,,,,,,101.79779533922387,10,10,100,5,100,20260416,9,9,20260416,100,7500,924,1,924,-202.6,-165.699,-202.968,143.981,35.8834,2.88258,13.2577,"0: split feature=accel threshold=2.0638 | 1: split feature=speed threshold=3.9653 | 2: split feature=neighbor_count threshold=11.7157 | 3: split feature=speed threshold=0.3116 | 4: split feature=field_delta threshold=8.0071 | 5: split feature=nearest_neighbor_distance threshold=6.2565 | 6: split feature=field_delta threshold=48.3217 | 7: leaf actions=[0, 0, 1, 0] | 8: leaf actions=[-1, 1, -1, -1] | 9: leaf actions=[0, -1, -1, 1] | 10: leaf actions=[0, 1, 1, 0] | 11: leaf actions=[1, 1, 1, -1] | 12: leaf actions=[-1, 0, 0, 1] | 13: leaf actions=[0, -1, 1, 0] | 14: leaf actions=[0, 1, 1, 1]"
generation,1,,30,106.38504453574998,94.01019269485464,95.47990675267542,9.330897211266276,63.219605308119036,106.38504453574998,1,"0: split feature=speed threshold=3.7339 | 1: split feature=neighbor_count threshold=6.1714 | 2: split feature=neighbor_count threshold=0.9170 | 3: split feature=nearest_neighbor_distance threshold=44.1348 | 4: split feature=nearest_neighbor_distance threshold=29.2299 | 5: split feature=speed threshold=1.7591 | 6: split feature=neighbor_count threshold=0.0768 | 7: leaf actions=[0, 1, 1, 1] | 8: leaf actions=[-1, 1, -1, 0] | 9: leaf actions=[1, 1, 0, 1] | 10: leaf actions=[1, 1, 1, 0] | 11: leaf actions=[1, 0, 1, 1] | 12: leaf actions=[0, 1, 1, 1] | 13: leaf actions=[0, 0, 0, -1] | 14: leaf actions=[1, 0, 1, -1]",106.38504453574998,10,10,100,5,100,20260416,9,9,20260416,100,7500,1650.0,0.9333333333333333,1032,-175.9483587,-155.23204762666666,-203.001,154.45226666666667,20.5784975,1.4932993509999999,23.377045666666668,
candidate,2,1,,106.59170536947663,,,,,,,,106.59170536947663,10,10,100,5,100,20260416,9,9,20260416,100,7500,771,1,771,-159.078,-152.344,-202.982,174.305,2.84966,1.61415,11.7365,"0: split feature=speed threshold=0.9230 | 1: split feature=neighbor_count threshold=9.4861 | 2: split feature=nearest_neighbor_distance threshold=2.5053 | 3: split feature=speed threshold=5.0000 | 4: split feature=neighbor_count threshold=10.7330 | 5: split feature=neighbor_count threshold=6.7793 | 6: split feature=speed threshold=3.1607 | 7: leaf actions=[-1, 1, -1, -1] | 8: leaf actions=[-1, 1, -1, 1] | 9: leaf actions=[1, -1, 0, 0] | 10: leaf actions=[1, 1, 0, -1] | 11: leaf actions=[1, 0, 1, -1] | 12: leaf actions=[-1, -1, 0, 0] | 13: leaf actions=[1, 1, 0, 1] | 14: leaf actions=[-1, -1, 0, 0]"
candidate,2,2,,106.38511232934998,,,,,,,,106.38511232934998,10,10,100,5,100,20260416,9,9,20260416,100,7500,1032,1,1032,-202.915,-201.976,-202.994,174.657,2.92639,0.524784,15.036,"0: split feature=speed threshold=3.7339 | 1: split feature=neighbor_count threshold=6.1714 | 2: split feature=neighbor_count threshold=0.9170 | 3: split feature=nearest_neighbor_distance threshold=44.1348 | 4: split feature=nearest_neighbor_distance threshold=29.2299 | 5: split feature=speed threshold=1.7591 | 6: split feature=neighbor_count threshold=0.0768 | 7: leaf actions=[0, 1, 1, 1] | 8: leaf actions=[-1, 1, -1, 0] | 9: leaf actions=[1, 1, 0, 1] | 10: leaf actions=[1, 1, 1, 0] | 11: leaf actions=[1, 0, 1, 1] | 12: leaf actions=[0, 1, 1, 1] | 13: leaf actions=[0, 0, 0, -1] | 14: leaf actions=[1, 0, 1, -1]"
candidate,2,3,,106.38505842012,,,,,,,,106.38505842012,10,10,100,5,100,20260416,9,9,20260416,100,7500,1032,1,1032,-202.915,-201.976,-202.994,174.657,2.92639,0.524784,15.0982,"0: split feature=speed threshold=3.7339 | 1: split feature=neighbor_count threshold=6.1714 | 2: split feature=neighbor_count threshold=0.9170 | 3: split feature=nearest_neighbor_distance threshold=44.1348 | 4: split feature=field_delta threshold=8.0071 | 5: split feature=speed threshold=1.7591 | 6: split feature=neighbor_count threshold=0.0768 | 7: leaf actions=[0, 1, 1, 1] | 8: leaf actions=[-1, 1, -1, 0] | 9: leaf actions=[0, -1, -1, 1] | 10: leaf actions=[0, 1, 1, 0] | 11: leaf actions=[1, 0, 1, 1] | 12: leaf actions=[0, 1, 1, 1] | 13: leaf actions=[0, 0, 0, -1] | 14: leaf actions=[1, 0, 1, -1]"
candidate,2,4,,106.38505356587001,,,,,,,,106.38505356587001,10,10,100,5,100,20260416,9,9,20260416,100,7500,1032,1,1032,-202.915,-201.976,-202.994,174.657,2.92639,0.524784,15.5612,"0: split feature=speed threshold=3.7339 | 1: split feature=neighbor_count threshold=6.1714 | 2: split feature=neighbor_count threshold=0.9170 | 3: split feature=nearest_neighbor_distance threshold=44.1348 | 4: split feature=mean_neighbor_distance threshold=13.2865 | 5: split feature=speed threshold=1.7591 | 6: split feature=neighbor_count threshold=0.0768 | 7: leaf actions=[0, 1, 1, 1] | 8: leaf actions=[-1, 1, -1, 0] | 9: leaf actions=[0, -1, 1, 0] | 10: leaf actions=[0, 1, 0, -1] | 11: leaf actions=[1, 0, 1, 1] | 12: leaf actions=[0, 1, 1, 1] | 13: leaf actions=[0, 0, 0, -1] | 14: leaf actions=[1, 0, 1, -1]"
candidate,2,5,,106.38503027643998,,,,,,,,106.38503027643998,10,10,100,5,100,20260416,9,9,20260416,100,7500,1032,1,1032,-202.915,-201.976,-202.994,174.657,2.92639,0.524784,15.7394,"0: split feature=speed threshold=3.7339 | 1: split feature=neighbor_count threshold=6.1714 | 2: split feature=neighbor_count threshold=0.9170 | 3: split feature=nearest_neighbor_distance threshold=44.1348 | 4: split feature=nearest_neighbor_distance threshold=29.2299 | 5: split feature=speed threshold=1.7591 | 6: split feature=neighbor_count threshold=0.0768 | 7: leaf actions=[0, 1, 1, 1] | 8: leaf actions=[-1, 1, -1, 0] | 9: leaf actions=[1, 1, 0, 1] | 10: leaf actions=[1, 1, 1, 0] | 11: leaf actions=[1, 0, 1, 1] | 12: leaf actions=[0, 1, 1, 1] | 13: leaf actions=[0, 0, 0, -1] | 14: leaf actions=[1, 0, 1, -1]"
generation,2,,30,106.59170536947663,101.42784426749608,103.05234229619523,4.392272043800444,90.26426395420998,106.59170536947663,1,"0: split feature=speed threshold=0.9230 | 1: split feature=neighbor_count threshold=9.4861 | 2: split feature=nearest_neighbor_distance threshold=2.5053 | 3: split feature=speed threshold=5.0000 | 4: split feature=neighbor_count threshold=10.7330 | 5: split feature=neighbor_count threshold=6.7793 | 6: split feature=speed threshold=3.1607 | 7: leaf actions=[-1, 1, -1, -1] | 8: leaf actions=[-1, 1, -1, 1] | 9: leaf actions=[1, -1, 0, 0] | 10: leaf actions=[1, 1, 0, -1] | 11: leaf actions=[1, 0, 1, -1] | 12: leaf actions=[-1, -1, 0, 0] | 13: leaf actions=[1, 1, 0, 1] | 14: leaf actions=[-1, -1, 0, 0]",106.59170536947663,10,10,100,5,100,20260416,9,9,20260416,100,7500,1351.3333333333333,1.0,771,-197.3941,-188.96913333333333,-203.001,171.20256666666666,7.229075196666667,1.514751938,19.946561666666668,
candidate,3,1,,113.68342908639951,,,,,,,,113.68342908639951,10,10,100,5,100,20260416,9,9,20260416,100,7500,897,1,897,-176.054,-175.279,-203.001,174.663,0.235569,3.07529,14.1033,"0: split feature=speed threshold=3.7339 | 1: split feature=neighbor_count threshold=9.4861 | 2: split feature=neighbor_count threshold=0.9170 | 3: split feature=speed threshold=5.0000 | 4: split feature=neighbor_count threshold=10.7330 | 5: split feature=speed threshold=1.7591 | 6: split feature=neighbor_count threshold=0.0768 | 7: leaf actions=[-1, 1, -1, -1] | 8: leaf actions=[-1, 1, -1, 1] | 9: leaf actions=[1, -1, 0, 0] | 10: leaf actions=[1, 1, 0, -1] | 11: leaf actions=[1, 0, 1, 1] | 12: leaf actions=[0, 1, 1, 1] | 13: leaf actions=[0, 0, 0, -1] | 14: leaf actions=[1, 0, 1, -1]"
candidate,3,2,,108.27086785657995,,,,,,,,108.27086785657995,10,10,100,5,100,20260416,9,9,20260416,100,7500,569,1,569,-51.2913,-48.9043,-202.995,141.627,2.85485,3.46713,8.63867,"0: split feature=speed threshold=3.7339 | 1: split feature=accel threshold=5.1958 | 2: split feature=neighbor_count threshold=0.9170 | 3: split feature=nearest_neighbor_distance threshold=44.1348 | 4: split feature=nearest_neighbor_distance threshold=50.0000 | 5: split feature=speed threshold=1.3855 | 6: split feature=neighbor_count threshold=0.3612 | 7: leaf actions=[-1, 0, -1, 0] | 8: leaf actions=[-1, 1, 1, -1] | 9: leaf actions=[-1, -1, 1, 1] | 10: leaf actions=[1, 1, 1, 0] | 11: leaf actions=[1, 1, -1, 0] | 12: leaf actions=[0, 1, 1, 1] | 13: leaf actions=[0, 0, 0, -1] | 14: leaf actions=[1, 0, 0, -1]"
candidate,3,3,,106.59170821815658,,,,,,,,106.59170821815658,10,10,100,5,100,20260416,9,9,20260416,100,7500,771,1,771,-159.078,-152.344,-202.982,174.305,2.84966,1.61415,11.7358,"0: split feature=speed threshold=0.9230 | 1: split feature=neighbor_count threshold=9.4861 | 2: split feature=nearest_neighbor_distance threshold=2.5053 | 3: split feature=speed threshold=5.0000 | 4: split feature=neighbor_count threshold=10.7330 | 5: split feature=neighbor_count threshold=6.7793 | 6: split feature=speed threshold=3.1607 | 7: leaf actions=[-1, 1, -1, -1] | 8: leaf actions=[-1, 1, -1, 1] | 9: leaf actions=[1, -1, 0, 0] | 10: leaf actions=[1, 1, 0, -1] | 11: leaf actions=[1, 0, 1, -1] | 12: leaf actions=[-1, -1, 0, 0] | 13: leaf actions=[1, 1, 0, 1] | 14: leaf actions=[-1, -1, 0, 0]"
candidate,3,4,,106.59164296898668,,,,,,,,106.59164296898668,10,10,100,5,100,20260416,9,9,20260416,100,7500,771,1,771,-159.078,-152.344,-202.982,174.305,2.84966,1.61415,11.8196,"0: split feature=speed threshold=0.9230 | 1: split feature=neighbor_count threshold=9.4861 | 2: split feature=nearest_neighbor_distance threshold=2.5053 | 3: split feature=speed threshold=5.0000 | 4: split feature=neighbor_count threshold=10.7330 | 5: split feature=neighbor_count threshold=6.7793 | 6: split feature=speed threshold=3.1607 | 7: leaf actions=[-1, 1, -1, -1] | 8: leaf actions=[-1, 1, -1, 1] | 9: leaf actions=[1, -1, 0, 0] | 10: leaf actions=[1, 1, 0, -1] | 11: leaf actions=[1, 0, 1, -1] | 12: leaf actions=[-1, -1, 0, 0] | 13: leaf actions=[1, 1, 0, 1] | 14: leaf actions=[-1, -1, 0, 0]"
candidate,3,5,,106.38504815344,,,,,,,,106.38504815344,10,10,100,5,100,20260416,9,9,20260416,100,7500,1032,1,1032,-202.915,-201.976,-202.994,174.657,2.92639,0.524784,15.5709,"0: split feature=speed threshold=3.7339 | 1: split feature=neighbor_count threshold=6.1714 | 2: split feature=neighbor_count threshold=0.9170 | 3: split feature=nearest_neighbor_distance threshold=44.1348 | 4: split feature=nearest_neighbor_distance threshold=29.2299 | 5: split feature=speed threshold=1.7591 | 6: split feature=neighbor_count threshold=0.0768 | 7: leaf actions=[0, 1, 1, 1] | 8: leaf actions=[-1, 1, -1, 0] | 9: leaf actions=[1, 1, 0, 1] | 10: leaf actions=[1, 1, 1, 0] | 11: leaf actions=[1, 0, 1, 1] | 12: leaf actions=[0, 1, 1, 1] | 13: leaf actions=[0, 0, 0, -1] | 14: leaf actions=[1, 0, 1, -1]"
generation,3,,30,113.68342908639951,101.11968657183361,103.32567302210938,6.505317325287575,84.34725559326539,113.68342908639951,1,"0: split feature=speed threshold=3.7339 | 1: split feature=neighbor_count threshold=9.4861 | 2: split feature=neighbor_count threshold=0.9170 | 3: split feature=speed threshold=5.0000 | 4: split feature=neighbor_count threshold=10.7330 | 5: split feature=speed threshold=1.7591 | 6: split feature=neighbor_count threshold=0.0768 | 7: leaf actions=[-1, 1, -1, -1] | 8: leaf actions=[-1, 1, -1, 1] | 9: leaf actions=[1, -1, 0, 0] | 10: leaf actions=[1, 1, 0, -1] | 11: leaf actions=[1, 0, 1, 1] | 12: leaf actions=[0, 1, 1, 1] | 13: leaf actions=[0, 0, 0, -1] | 14: leaf actions=[1, 0, 1, -1]",113.68342908639951,10,10,100,5,100,20260416,9,9,20260416,100,7500,1886.0333333333333,0.9,897,-186.49578666666667,-176.70056666666667,-203.001,164.7437,13.153545196666666,1.509621099,28.465812333333332,
candidate,4,1,,119.8124592118017,,,,,,,,119.8124592118017,10,10,100,5,100,20260416,9,9,20260416,100,7500,1010,1,1010,-35.0733,-24.776,-203.001,174.688,3.38522,5,15.5902,"0: split feature=speed threshold=3.7339 | 1: split feature=neighbor_count threshold=11.2703 | 2: split feature=neighbor_count threshold=0.9170 | 3: split feature=speed threshold=4.8930 | 4: split feature=mean_neighbor_distance threshold=13.2865 | 5: split feature=speed threshold=1.7591 | 6: split feature=neighbor_count threshold=0.0768 | 7: leaf actions=[1, 1, -1, -1] | 8: leaf actions=[-1, 1, -1, 1] | 9: leaf actions=[0, -1, 1, 0] | 10: leaf actions=[0, 1, 0, -1] | 11: leaf actions=[1, 0, 1, 1] | 12: leaf actions=[0, 1, 1, 1] | 13: leaf actions=[0, 0, 0, -1] | 14: leaf actions=[1, 0, 1, -1]"
candidate,4,2,,113.68348047194954,,,,,,,,113.68348047194954,10,10,100,5,100,20260416,9,9,20260416,100,7500,897,1,897,-176.054,-175.279,-203.001,174.663,0.235569,3.07529,13.7822,"0: split feature=speed threshold=3.7339 | 1: split feature=neighbor_count threshold=9.4861 | 2: split feature=neighbor_count threshold=0.9170 | 3: split feature=speed threshold=5.0000 | 4: split feature=neighbor_count threshold=10.7330 | 5: split feature=speed threshold=1.7591 | 6: split feature=neighbor_count threshold=0.0768 | 7: leaf actions=[-1, 1, -1, -1] | 8: leaf actions=[-1, 1, -1, 1] | 9: leaf actions=[1, -1, 0, 0] | 10: leaf actions=[1, 1, 0, -1] | 11: leaf actions=[1, 0, 1, 1] | 12: leaf actions=[0, 1, 1, 1] | 13: leaf actions=[0, 0, 0, -1] | 14: leaf actions=[1, 0, 1, -1]"
candidate,4,3,,111.13709720065201,,,,,,,,111.13709720065201,10,10,100,5,100,20260416,9,9,20260416,100,7500,461,1,461,-0.00118498,-0.000778374,-202.996,174.166,2.97641,4.99872,7.17046,"0: split feature=nearest_neighbor_distance threshold=27.5421 | 1: split feature=neighbor_count threshold=8.3324 | 2: split feature=accel threshold=6.2434 | 3: split feature=speed threshold=5.0000 | 4: split feature=neighbor_count threshold=4.9884 | 5: split feature=neighbor_count threshold=6.7793 | 6: split feature=neighbor_count threshold=0.3612 | 7: leaf actions=[0, 1, -1, -1] | 8: leaf actions=[1, 1, 1, 1] | 9: leaf actions=[1, -1, 1, 0] | 10: leaf actions=[1, 1, -1, 1] | 11: leaf actions=[1, -1, 1, 1] | 12: leaf actions=[-1, -1, 0, 0] | 13: leaf actions=[0, 0, 0, -1] | 14: leaf actions=[0, 0, 1, 0]"
candidate,4,4,,110.43075256509,,,,,,,,110.43075256509,10,10,100,5,100,20260416,9,9,20260416,100,7500,1252,1,1252,-202.875,-201.896,-203.001,174.201,3.19869,0.612245,19.6424,"0: split feature=speed threshold=0.2267 | 1: split feature=neighbor_count threshold=6.1714 | 2: split feature=neighbor_count threshold=0.9170 | 3: split feature=nearest_neighbor_distance threshold=44.1348 | 4: split feature=nearest_neighbor_distance threshold=29.2299 | 5: split feature=speed threshold=2.2996 | 6: split feature=speed threshold=3.1607 | 7: leaf actions=[0, 1, 0, -1] | 8: leaf actions=[-1, 1, -1, 1] | 9: leaf actions=[-1, 1, 0, 0] | 10: leaf actions=[1, 0, 1, -1] | 11: leaf actions=[1, 0, 1, 1] | 12: leaf actions=[0, -1, -1, 1] | 13: leaf actions=[1, 1, 0, 1] | 14: leaf actions=[-1, -1, 0, 0]"
candidate,4,5,,109.61910802000382,,,,,,,,109.61910802000382,10,10,100,5,100,20260416,9,9,20260416,100,7500,989,1,989,-202.956,-202.953,-203.001,174.693,0.0233943,0.0551122,15.6677,"0: split feature=speed threshold=0.9230 | 1: split feature=neighbor_count threshold=9.4861 | 2: split feature=nearest_neighbor_distance threshold=2.5053 | 3: split feature=speed threshold=5.0000 | 4: split feature=neighbor_count threshold=10.7330 | 5: split feature=speed threshold=1.7591 | 6: split feature=speed threshold=3.1607 | 7: leaf actions=[-1, 1, -1, -1] | 8: leaf actions=[-1, 1, -1, 1] | 9: leaf actions=[1, -1, 0, 0] | 10: leaf actions=[1, 1, 0, -1] | 11: leaf actions=[1, 0, 1, 1] | 12: leaf actions=[0, 1, 1, 1] | 13: leaf actions=[1, 1, 0, 1] | 14: leaf actions=[-1, -1, 0, 0]"
generation,4,,30,119.8124592118017,105.87107002925808,106.38480957992306,4.587289842159553,96.93898158343998,119.8124592118017,1,"0: split feature=speed threshold=3.7339 | 1: split feature=neighbor_count threshold=11.2703 | 2: split feature=neighbor_count threshold=0.9170 | 3: split feature=speed threshold=4.8930 | 4: split feature=mean_neighbor_distance threshold=13.2865 | 5: split feature=speed threshold=1.7591 | 6: split feature=neighbor_count threshold=0.0768 | 7: leaf actions=[1, 1, -1, -1] | 8: leaf actions=[-1, 1, -1, 1] | 9: leaf actions=[0, -1, 1, 0] | 10: leaf actions=[0, 1, 0, -1] | 11: leaf actions=[1, 0, 1, 1] | 12: leaf actions=[0, 1, 1, 1] | 13: leaf actions=[0, 0, 0, -1] | 14: leaf actions=[1, 0, 1, -1]",119.8124592118017,10,10,100,5,100,20260416,9,9,20260416,100,7500,910.0333333333333,1.0,1010,-146.519810345,-144.04082246513335,-203.001,167.73816666666667,2.44137322,1.904834143,14.104792,
candidate,5,1,,119.8124624675317,,,,,,,,119.8124624675317,10,10,100,5,100,20260416,9,9,20260416,100,7500,1010,1,1010,-35.0733,-24.776,-203.001,174.688,3.38522,5,15.8332,"0: split feature=speed threshold=3.7339 | 1: split feature=neighbor_count threshold=11.2703 | 2: split feature=neighbor_count threshold=0.9170 | 3: split feature=speed threshold=4.8930 | 4: split feature=mean_neighbor_distance threshold=13.2865 | 5: split feature=speed threshold=1.7591 | 6: split feature=neighbor_count threshold=0.0768 | 7: leaf actions=[1, 1, -1, -1] | 8: leaf actions=[-1, 1, -1, 1] | 9: leaf actions=[0, -1, 1, 0] | 10: leaf actions=[0, 1, 0, -1] | 11: leaf actions=[1, 0, 1, 1] | 12: leaf actions=[0, 1, 1, 1] | 13: leaf actions=[0, 0, 0, -1] | 14: leaf actions=[1, 0, 1, -1]"
candidate,5,2,,119.81243139920169,,,,,,,,119.81243139920169,10,10,100,5,100,20260416,9,9,20260416,100,7500,1010,1,1010,-35.0733,-24.776,-203.001,174.688,3.38522,5,15.694,"0: split feature=speed threshold=3.7339 | 1: split feature=neighbor_count threshold=11.2703 | 2: split feature=neighbor_count threshold=0.9170 | 3: split feature=speed threshold=4.8930 | 4: split feature=mean_neighbor_distance threshold=13.2865 | 5: split feature=speed threshold=1.7591 | 6: split feature=neighbor_count threshold=0.0768 | 7: leaf actions=[1, 1, -1, -1] | 8: leaf actions=[-1, 1, -1, 1] | 9: leaf actions=[0, -1, 1, 0] | 10: leaf actions=[0, 1, 0, -1] | 11: leaf actions=[1, 0, 1, 1] | 12: leaf actions=[0, 1, 1, 1] | 13: leaf actions=[0, 0, 0, -1] | 14: leaf actions=[1, 0, 1, -1]"
candidate,5,3,,119.81242669868169,,,,,,,,119.81242669868169,10,10,100,5,100,20260416,9,9,20260416,100,7500,1010,1,1010,-35.0733,-24.776,-203.001,174.688,3.38522,5,15.8895,"0: split feature=speed threshold=3.7339 | 1: split feature=neighbor_count threshold=11.2703 | 2: split feature=neighbor_count threshold=0.9170 | 3: split feature=speed threshold=4.8930 | 4: split feature=mean_neighbor_distance threshold=13.2865 | 5: split feature=speed threshold=1.7591 | 6: split feature=neighbor_count threshold=0.0768 | 7: leaf actions=[1, 1, -1, -1] | 8: leaf actions=[-1, 1, -1, 1] | 9: leaf actions=[0, -1, 1, 0] | 10: leaf actions=[0, 1, 0, -1] | 11: leaf actions=[1, 0, 1, 1] | 12: leaf actions=[0, 1, 1, 1] | 13: leaf actions=[0, 0, 0, -1] | 14: leaf actions=[1, 0, 1, -1]"
candidate,5,4,,119.81242200444166,,,,,,,,119.81242200444166,10,10,100,5,100,20260416,9,9,20260416,100,7500,1010,1,1010,-35.0733,-24.776,-203.001,174.688,3.38522,5,16.1092,"0: split feature=speed threshold=3.7339 | 1: split feature=neighbor_count threshold=11.2703 | 2: split feature=neighbor_count threshold=0.9170 | 3: split feature=speed threshold=4.8930 | 4: split feature=neighbor_count threshold=10.7330 | 5: split feature=speed threshold=1.7591 | 6: split feature=neighbor_count threshold=0.0768 | 7: leaf actions=[1, 1, -1, -1] | 8: leaf actions=[-1, 1, -1, 1] | 9: leaf actions=[1, -1, 0, 0] | 10: leaf actions=[1, 1, 0, -1] | 11: leaf actions=[1, 0, 1, 1] | 12: leaf actions=[0, 1, 1, 1] | 13: leaf actions=[0, 0, 0, -1] | 14: leaf actions=[1, 0, 1, -1]"
candidate,5,5,,114.24090912311,,,,,,,,114.24090912311,10,10,100,5,100,20260416,9,9,20260416,100,7500,1520,1,1520,-201.898,-201.862,-203.001,174.689,0.0709585,0.419572,24.0587,"0: split feature=speed threshold=0.9230 | 1: split feature=neighbor_count threshold=9.4861 | 2: split feature=nearest_neighbor_distance threshold=2.5053 | 3: split feature=speed threshold=5.0000 | 4: split feature=neighbor_count threshold=10.7330 | 5: split feature=speed threshold=1.3855 | 6: split feature=neighbor_count threshold=0.3612 | 7: leaf actions=[-1, 1, -1, -1] | 8: leaf actions=[-1, 1, -1, 1] | 9: leaf actions=[1, -1, 0, 0] | 10: leaf actions=[1, 1, 0, -1] | 11: leaf actions=[1, 1, -1, 0] | 12: leaf actions=[0, 1, 1, 1] | 13: leaf actions=[0, 0, 0, -1] | 14: leaf actions=[0, 0, 1, 0]"
generation,5,,30,119.8124624675317,107.6647462727403,106.5916180516466,7.684218017937908,87.38303131124002,119.8124624675317,1,"0: split feature=speed threshold=3.7339 | 1: split feature=neighbor_count threshold=11.2703 | 2: split feature=neighbor_count threshold=0.9170 | 3: split feature=speed threshold=4.8930 | 4: split feature=mean_neighbor_distance threshold=13.2865 | 5: split feature=speed threshold=1.7591 | 6: split feature=neighbor_count threshold=0.0768 | 7: leaf actions=[1, 1, -1, -1] | 8: leaf actions=[-1, 1, -1, 1] | 9: leaf actions=[0, -1, 1, 0] | 10: leaf actions=[0, 1, 0, -1] | 11: leaf actions=[1, 0, 1, 1] | 12: leaf actions=[0, 1, 1, 1] | 13: leaf actions=[0, 0, 0, -1] | 14: leaf actions=[1, 0, 1, -1]",119.8124624675317,10,10,100,5,100,20260416,9,9,20260416,100,7500,995.4,1.0,1010,-135.277669232,-129.64831242493332,-203.001,171.8314,3.654642088,2.20035598158,15.522770666666666,
candidate,6,1,,119.81246415409163,,,,,,,,119.81246415409163,10,10,100,5,100,20260416,9,9,20260416,100,7500,1010,1,1010,-35.0733,-24.776,-203.001,174.688,3.38522,5,16.0766,"0: split feature=speed threshold=3.7339 | 1: split feature=neighbor_count threshold=11.2703 | 2: split feature=neighbor_count threshold=0.9170 | 3: split feature=speed threshold=4.8930 | 4: split feature=mean_neighbor_distance threshold=13.2865 | 5: split feature=speed threshold=1.7591 | 6: split feature=neighbor_count threshold=0.0768 | 7: leaf actions=[1, 1, -1, -1] | 8: leaf actions=[-1, 1, -1, 1] | 9: leaf actions=[0, -1, 1, 0] | 10: leaf actions=[0, 1, 0, -1] | 11: leaf actions=[1, 0, 1, 1] | 12: leaf actions=[0, 1, 1, 1] | 13: leaf actions=[0, 0, 0, -1] | 14: leaf actions=[1, 0, 1, -1]"
candidate,6,2,,119.81246177418168,,,,,,,,119.81246177418168,10,10,100,5,100,20260416,9,9,20260416,100,7500,1010,1,1010,-35.0733,-24.776,-203.001,174.688,3.38522,5,16.0035,"0: split feature=speed threshold=3.7339 | 1: split feature=neighbor_count threshold=11.2703 | 2: split feature=neighbor_count threshold=0.9170 | 3: split feature=speed threshold=4.8930 | 4: split feature=neighbor_count threshold=10.7330 | 5: split feature=speed threshold=1.7591 | 6: split feature=neighbor_count threshold=0.0768 | 7: leaf actions=[1, 1, -1, -1] | 8: leaf actions=[-1, 1, -1, 1] | 9: leaf actions=[1, -1, 0, 0] | 10: leaf actions=[1, 1, 0, -1] | 11: leaf actions=[1, 0, 1, 1] | 12: leaf actions=[0, 1, 1, 1] | 13: leaf actions=[0, 0, 0, -1] | 14: leaf actions=[1, 0, 1, -1]"
candidate,6,3,,119.81246116133165,,,,,,,,119.81246116133165,10,10,100,5,100,20260416,9,9,20260416,100,7500,1010,1,1010,-35.0733,-24.776,-203.001,174.688,3.38522,5,16.0908,"0: split feature=speed threshold=3.7339 | 1: split feature=neighbor_count threshold=11.2703 | 2: split feature=neighbor_count threshold=0.9170 | 3: split feature=speed threshold=4.8930 | 4: split feature=mean_neighbor_distance threshold=13.2865 | 5: split feature=speed threshold=1.7591 | 6: split feature=neighbor_count threshold=0.0768 | 7: leaf actions=[1, 1, -1, -1] | 8: leaf actions=[-1, 1, -1, 1] | 9: leaf actions=[0, -1, 1, 0] | 10: leaf actions=[0, 1, 0, -1] | 11: leaf actions=[1, 0, 1, 1] | 12: leaf actions=[0, 1, 1, 1] | 13: leaf actions=[0, 0, 0, -1] | 14: leaf actions=[1, 0, 1, -1]"
candidate,6,4,,119.81246019049166,,,,,,,,119.81246019049166,10,10,100,5,100,20260416,9,9,20260416,100,7500,1010,1,1010,-35.0733,-24.776,-203.001,174.688,3.38522,5,15.9543,"0: split feature=speed threshold=3.7339 | 1: split feature=neighbor_count threshold=11.2703 | 2: split feature=neighbor_count threshold=0.9170 | 3: split feature=speed threshold=4.8930 | 4: split feature=mean_neighbor_distance threshold=13.2865 | 5: split feature=speed threshold=1.7591 | 6: split feature=neighbor_count threshold=0.0768 | 7: leaf actions=[1, 1, -1, -1] | 8: leaf actions=[-1, 1, -1, 1] | 9: leaf actions=[0, -1, 1, 0] | 10: leaf actions=[0, 1, 0, -1] | 11: leaf actions=[1, 0, 1, 1] | 12: leaf actions=[0, 1, 1, 1] | 13: leaf actions=[0, 0, 0, -1] | 14: leaf actions=[1, 0, 1, -1]"
candidate,6,5,,119.81243263891163,,,,,,,,119.81243263891163,10,10,100,5,100,20260416,9,9,20260416,100,7500,1010,1,1010,-35.0733,-24.776,-203.001,174.688,3.38522,5,16.0349,"0: split feature=speed threshold=3.7339 | 1: split feature=neighbor_count threshold=11.2703 | 2: split feature=neighbor_count threshold=0.9170 | 3: split feature=speed threshold=4.8930 | 4: split feature=mean_neighbor_distance threshold=13.2865 | 5: split feature=speed threshold=1.7591 | 6: split feature=neighbor_count threshold=0.0768 | 7: leaf actions=[1, 1, -1, -1] | 8: leaf actions=[-1, 1, -1, 1] | 9: leaf actions=[0, -1, 1, 0] | 10: leaf actions=[0, 1, 0, -1] | 11: leaf actions=[1, 0, 1, 1] | 12: leaf actions=[0, 1, 1, 1] | 13: leaf actions=[0, 0, 0, -1] | 14: leaf actions=[1, 0, 1, -1]"
generation,6,,30,119.81246415409163,110.9762861632256,112.40791637917573,7.75073354740071,93.22713955860999,119.81246415409163,1,"0: split feature=speed threshold=3.7339 | 1: split feature=neighbor_count threshold=11.2703 | 2: split feature=neighbor_count threshold=0.9170 | 3: split feature=speed threshold=4.8930 | 4: split feature=mean_neighbor_distance threshold=13.2865 | 5: split feature=speed threshold=1.7591 | 6: split feature=neighbor_count threshold=0.0768 | 7: leaf actions=[1, 1, -1, -1] | 8: leaf actions=[-1, 1, -1, 1] | 9: leaf actions=[0, -1, 1, 0] | 10: leaf actions=[0, 1, 0, -1] | 11: leaf actions=[1, 0, 1, 1] | 12: leaf actions=[0, 1, 1, 1] | 13: leaf actions=[0, 0, 0, -1] | 14: leaf actions=[1, 0, 1, -1]",119.81246415409163,10,10,100,5,100,20260416,9,9,20260416,100,7500,1100.0,1.0,1010,-126.26239589866667,-119.7842690916,-203.001,171.00413333333333,5.219841403333334,2.79833021,17.520022333333333,
candidate,7,1,,119.81244954991163,,,,,,,,119.81244954991163,10,10,100,5,100,20260416,9,9,20260416,100,7500,1010,1,1010,-35.0733,-24.776,-203.001,174.688,3.38522,5,13.6487,"0: split feature=speed threshold=3.7339 | 1: split feature=neighbor_count threshold=11.2703 | 2: split feature=neighbor_count threshold=0.9170 | 3: split feature=speed threshold=4.8930 | 4: split feature=mean_neighbor_distance threshold=13.2865 | 5: split feature=speed threshold=1.7591 | 6: split feature=neighbor_count threshold=0.0768 | 7: leaf actions=[1, 1, -1, -1] | 8: leaf actions=[-1, 1, -1, 1] | 9: leaf actions=[0, -1, 1, 0] | 10: leaf actions=[0, 1, 0, -1] | 11: leaf actions=[1, 0, 1, 1] | 12: leaf actions=[0, 1, 1, 1] | 13: leaf actions=[0, 0, 0, -1] | 14: leaf actions=[1, 0, 1, -1]"
candidate,7,2,,119.81243772906166,,,,,,,,119.81243772906166,10,10,100,5,100,20260416,9,9,20260416,100,7500,1010,1,1010,-35.0733,-24.776,-203.001,174.688,3.38522,5,16.4236,"0: split feature=speed threshold=3.7339 | 1: split feature=neighbor_count threshold=11.2703 | 2: split feature=neighbor_count threshold=0.9170 | 3: split feature=speed threshold=4.8930 | 4: split feature=mean_neighbor_distance threshold=13.2865 | 5: split feature=speed threshold=1.7591 | 6: split feature=neighbor_count threshold=0.0768 | 7: leaf actions=[1, 1, -1, -1] | 8: leaf actions=[-1, 1, -1, 1] | 9: leaf actions=[0, -1, 1, 0] | 10: leaf actions=[0, 1, 0, -1] | 11: leaf actions=[1, 0, 1, 1] | 12: leaf actions=[0, 1, 1, 1] | 13: leaf actions=[0, 0, 0, -1] | 14: leaf actions=[1, 0, 1, -1]"
candidate,7,3,,119.81243752284166,,,,,,,,119.81243752284166,10,10,100,5,100,20260416,9,9,20260416,100,7500,1010,1,1010,-35.0733,-24.776,-203.001,174.688,3.38522,5,16.3476,"0: split feature=speed threshold=3.7339 | 1: split feature=neighbor_count threshold=11.2703 | 2: split feature=neighbor_count threshold=0.9170 | 3: split feature=speed threshold=4.8930 | 4: split feature=mean_neighbor_distance threshold=13.2865 | 5: split feature=speed threshold=1.7591 | 6: split feature=neighbor_count threshold=0.0768 | 7: leaf actions=[1, 1, -1, -1] | 8: leaf actions=[-1, 1, -1, 1] | 9: leaf actions=[0, -1, 1, 0] | 10: leaf actions=[0, 1, 0, -1] | 11: leaf actions=[1, 0, 1, 1] | 12: leaf actions=[0, 1, 1, 1] | 13: leaf actions=[0, 0, 0, -1] | 14: leaf actions=[1, 0, 1, -1]"
candidate,7,4,,119.81243682343167,,,,,,,,119.81243682343167,10,10,100,5,100,20260416,9,9,20260416,100,7500,1010,1,1010,-35.0733,-24.776,-203.001,174.688,3.38522,5,16.1852,"0: split feature=speed threshold=3.7339 | 1: split feature=neighbor_count threshold=11.2703 | 2: split feature=neighbor_count threshold=0.9170 | 3: split feature=speed threshold=4.8930 | 4: split feature=neighbor_count threshold=10.7330 | 5: split feature=speed threshold=1.7591 | 6: split feature=neighbor_count threshold=0.0768 | 7: leaf actions=[1, 1, -1, -1] | 8: leaf actions=[-1, 1, -1, 1] | 9: leaf actions=[1, -1, 0, 0] | 10: leaf actions=[1, 1, 0, -1] | 11: leaf actions=[1, 0, 1, 1] | 12: leaf actions=[0, 1, 1, 1] | 13: leaf actions=[0, 0, 0, -1] | 14: leaf actions=[1, 0, 1, -1]"
candidate,7,5,,119.81243012332156,,,,,,,,119.81243012332156,10,10,100,5,100,20260416,9,9,20260416,100,7500,1010,1,1010,-35.0733,-24.776,-203.001,174.688,3.38522,5,16.0993,"0: split feature=speed threshold=3.7339 | 1: split feature=neighbor_count threshold=11.2703 | 2: split feature=neighbor_count threshold=0.9170 | 3: split feature=speed threshold=4.8930 | 4: split feature=mean_neighbor_distance threshold=13.2865 | 5: split feature=speed threshold=1.7591 | 6: split feature=neighbor_count threshold=0.0768 | 7: leaf actions=[1, 1, -1, -1] | 8: leaf actions=[-1, 1, -1, 1] | 9: leaf actions=[0, -1, 1, 0] | 10: leaf actions=[0, 1, 0, -1] | 11: leaf actions=[1, 0, 1, 1] | 12: leaf actions=[0, 1, 1, 1] | 13: leaf actions=[0, 0, 0, -1] | 14: leaf actions=[1, 0, 1, -1]"
generation,7,,30,119.81244954991163,114.15935321982506,119.81231844521164,9.539469891224249,73.49311736645,119.81244954991163,1,"0: split feature=speed threshold=3.7339 | 1: split feature=neighbor_count threshold=11.2703 | 2: split feature=neighbor_count threshold=0.9170 | 3: split feature=speed threshold=4.8930 | 4: split feature=mean_neighbor_distance threshold=13.2865 | 5: split feature=speed threshold=1.7591 | 6: split feature=neighbor_count threshold=0.0768 | 7: leaf actions=[1, 1, -1, -1] | 8: leaf actions=[-1, 1, -1, 1] | 9: leaf actions=[0, -1, 1, 0] | 10: leaf actions=[0, 1, 0, -1] | 11: leaf actions=[1, 0, 1, 1] | 12: leaf actions=[0, 1, 1, 1] | 13: leaf actions=[0, 0, 0, -1] | 14: leaf actions=[1, 0, 1, -1]",119.81244954991163,10,10,100,5,100,20260416,9,9,20260416,100,7500,1231.6,1.0,1010,-93.01061333333334,-84.87455333333334,-203.001,172.26026666666667,3.74446084,3.8006189706666667,19.956009333333334,
candidate,8,1,,119.81246227806167,,,,,,,,119.81246227806167,10,10,100,5,100,20260416,9,9,20260416,100,7500,1010,1,1010,-35.0733,-24.776,-203.001,174.688,3.38522,5,13.5816,"0: split feature=speed threshold=3.7339 | 1: split feature=neighbor_count threshold=11.2703 | 2: split feature=neighbor_count threshold=0.9170 | 3: split feature=speed threshold=4.8930 | 4: split feature=neighbor_count threshold=10.7330 | 5: split feature=speed threshold=1.7591 | 6: split feature=neighbor_count threshold=0.0768 | 7: leaf actions=[1, 1, -1, -1] | 8: leaf actions=[-1, 1, -1, 1] | 9: leaf actions=[1, -1, 0, 0] | 10: leaf actions=[1, 1, 0, -1] | 11: leaf actions=[1, 0, 1, 1] | 12: leaf actions=[0, 1, 1, 1] | 13: leaf actions=[0, 0, 0, -1] | 14: leaf actions=[1, 0, 1, -1]"
candidate,8,2,,119.81242752333166,,,,,,,,119.81242752333166,10,10,100,5,100,20260416,9,9,20260416,100,7500,1010,1,1010,-35.0733,-24.776,-203.001,174.688,3.38522,5,16.0932,"0: split feature=speed threshold=3.7339 | 1: split feature=neighbor_count threshold=11.2703 | 2: split feature=neighbor_count threshold=0.9170 | 3: split feature=speed threshold=4.8930 | 4: split feature=mean_neighbor_distance threshold=13.2865 | 5: split feature=speed threshold=1.7591 | 6: split feature=neighbor_count threshold=0.0768 | 7: leaf actions=[1, 1, -1, -1] | 8: leaf actions=[-1, 1, -1, 1] | 9: leaf actions=[0, -1, 1, 0] | 10: leaf actions=[0, 1, 0, -1] | 11: leaf actions=[1, 0, 1, 1] | 12: leaf actions=[0, 1, 1, 1] | 13: leaf actions=[0, 0, 0, -1] | 14: leaf actions=[1, 0, 1, -1]"
candidate,8,3,,119.8124242571717,,,,,,,,119.8124242571717,10,10,100,5,100,20260416,9,9,20260416,100,7500,1010,1,1010,-35.0733,-24.776,-203.001,174.688,3.38522,5,16.2048,"0: split feature=speed threshold=3.7339 | 1: split feature=neighbor_count threshold=11.2703 | 2: split feature=neighbor_count threshold=0.9170 | 3: split feature=speed threshold=4.8930 | 4: split feature=mean_neighbor_distance threshold=13.2865 | 5: split feature=speed threshold=1.7591 | 6: split feature=neighbor_count threshold=0.0768 | 7: leaf actions=[1, 1, -1, -1] | 8: leaf actions=[-1, 1, -1, 1] | 9: leaf actions=[0, -1, 1, 0] | 10: leaf actions=[0, 1, 0, -1] | 11: leaf actions=[1, 0, 1, 1] | 12: leaf actions=[0, 1, 1, 1] | 13: leaf actions=[0, 0, 0, -1] | 14: leaf actions=[1, 0, 1, -1]"
candidate,8,4,,119.81242423329171,,,,,,,,119.81242423329171,10,10,100,5,100,20260416,9,9,20260416,100,7500,1010,1,1010,-35.0733,-24.776,-203.001,174.688,3.38522,5,16.1348,"0: split feature=speed threshold=3.7339 | 1: split feature=neighbor_count threshold=11.2703 | 2: split feature=neighbor_count threshold=0.9170 | 3: split feature=speed threshold=4.8930 | 4: split feature=mean_neighbor_distance threshold=13.2865 | 5: split feature=speed threshold=1.7591 | 6: split feature=neighbor_count threshold=0.0768 | 7: leaf actions=[1, 1, -1, -1] | 8: leaf actions=[-1, 1, -1, 1] | 9: leaf actions=[0, -1, 1, 0] | 10: leaf actions=[0, 1, 0, -1] | 11: leaf actions=[1, 0, 1, 1] | 12: leaf actions=[0, 1, 1, 1] | 13: leaf actions=[0, 0, 0, -1] | 14: leaf actions=[1, 0, 1, -1]"
candidate,8,5,,119.8124220971017,,,,,,,,119.8124220971017,10,10,100,5,100,20260416,9,9,20260416,100,7500,1010,1,1010,-35.0733,-24.776,-203.001,174.688,3.38522,5,16.0915,"0: split feature=speed threshold=3.7339 | 1: split feature=neighbor_count threshold=11.2703 | 2: split feature=neighbor_count threshold=0.9170 | 3: split feature=speed threshold=4.8930 | 4: split feature=neighbor_count threshold=10.7330 | 5: split feature=speed threshold=1.7591 | 6: split feature=neighbor_count threshold=0.0768 | 7: leaf actions=[1, 1, -1, -1] | 8: leaf actions=[-1, 1, -1, 1] | 9: leaf actions=[1, -1, 0, 0] | 10: leaf actions=[1, 1, 0, -1] | 11: leaf actions=[1, 0, 1, 1] | 12: leaf actions=[0, 1, 1, 1] | 13: leaf actions=[0, 0, 0, -1] | 14: leaf actions=[1, 0, 1, -1]"
generation,8,,30,119.81246227806167,115.19312954434153,119.81233455894665,7.9247144823398665,88.50792880675952,119.81246227806167,1,"0: split feature=speed threshold=3.7339 | 1: split feature=neighbor_count threshold=11.2703 | 2: split feature=neighbor_count threshold=0.9170 | 3: split feature=speed threshold=4.8930 | 4: split feature=neighbor_count threshold=10.7330 | 5: split feature=speed threshold=1.7591 | 6: split feature=neighbor_count threshold=0.0768 | 7: leaf actions=[1, 1, -1, -1] | 8: leaf actions=[-1, 1, -1, 1] | 9: leaf actions=[1, -1, 0, 0] | 10: leaf actions=[1, 1, 0, -1] | 11: leaf actions=[1, 0, 1, 1] | 12: leaf actions=[0, 1, 1, 1] | 13: leaf actions=[0, 0, 0, -1] | 14: leaf actions=[1, 0, 1, -1]",119.81246227806167,10,10,100,5,100,20260416,9,9,20260416,100,7500,1167.0333333333333,1.0,1010,-93.95682333333333,-86.66803333333333,-203.001,174.549,2.7849805382,3.8969043968,19.191801333333334,
candidate,9,1,,119.81252755006166,,,,,,,,119.81252755006166,10,10,100,5,100,20260416,9,9,20260416,100,7500,1010,1,1010,-35.0733,-24.776,-203.001,174.688,3.38522,5,13.5721,"0: split feature=speed threshold=3.7339 | 1: split feature=neighbor_count threshold=11.2703 | 2: split feature=neighbor_count threshold=0.9170 | 3: split feature=speed threshold=4.8930 | 4: split feature=mean_neighbor_distance threshold=13.2865 | 5: split feature=speed threshold=1.7591 | 6: split feature=neighbor_count threshold=0.0768 | 7: leaf actions=[1, 1, -1, -1] | 8: leaf actions=[-1, 1, -1, 1] | 9: leaf actions=[0, -1, 1, 0] | 10: leaf actions=[0, 1, 0, -1] | 11: leaf actions=[1, 0, 1, 1] | 12: leaf actions=[0, 1, 1, 1] | 13: leaf actions=[0, 0, 0, -1] | 14: leaf actions=[1, 0, 1, -1]"
candidate,9,2,,119.81243605995165,,,,,,,,119.81243605995165,10,10,100,5,100,20260416,9,9,20260416,100,7500,1010,1,1010,-35.0733,-24.776,-203.001,174.688,3.38522,5,16.2002,"0: split feature=speed threshold=3.7339 | 1: split feature=neighbor_count threshold=11.2703 | 2: split feature=neighbor_count threshold=0.9170 | 3: split feature=speed threshold=4.8930 | 4: split feature=mean_neighbor_distance threshold=13.2865 | 5: split feature=speed threshold=1.7591 | 6: split feature=neighbor_count threshold=0.0768 | 7: leaf actions=[1, 1, -1, -1] | 8: leaf actions=[-1, 1, -1, 1] | 9: leaf actions=[0, -1, 1, 0] | 10: leaf actions=[0, 1, 0, -1] | 11: leaf actions=[1, 0, 1, 1] | 12: leaf actions=[0, 1, 1, 1] | 13: leaf actions=[0, 0, 0, -1] | 14: leaf actions=[1, 0, 1, -1]"
candidate,9,3,,119.81243280737164,,,,,,,,119.81243280737164,10,10,100,5,100,20260416,9,9,20260416,100,7500,1010,1,1010,-35.0733,-24.776,-203.001,174.688,3.38522,5,16.5237,"0: split feature=speed threshold=3.7339 | 1: split feature=neighbor_count threshold=11.2703 | 2: split feature=neighbor_count threshold=0.9170 | 3: split feature=speed threshold=4.8930 | 4: split feature=mean_neighbor_distance threshold=13.2865 | 5: split feature=speed threshold=1.7591 | 6: split feature=neighbor_count threshold=0.0768 | 7: leaf actions=[1, 1, -1, -1] | 8: leaf actions=[-1, 1, -1, 1] | 9: leaf actions=[0, -1, 1, 0] | 10: leaf actions=[0, 1, 0, -1] | 11: leaf actions=[1, 0, 1, 1] | 12: leaf actions=[0, 1, 1, 1] | 13: leaf actions=[0, 0, 0, -1] | 14: leaf actions=[1, 0, 1, -1]"
candidate,9,4,,119.81242699806162,,,,,,,,119.81242699806162,10,10,100,5,100,20260416,9,9,20260416,100,7500,1010,1,1010,-35.0733,-24.776,-203.001,174.688,3.38522,5,16.4157,"0: split feature=speed threshold=3.7339 | 1: split feature=neighbor_count threshold=11.2703 | 2: split feature=neighbor_count threshold=0.9170 | 3: split feature=speed threshold=4.8930 | 4: split feature=mean_neighbor_distance threshold=13.2865 | 5: split feature=speed threshold=1.7591 | 6: split feature=neighbor_count threshold=0.0768 | 7: leaf actions=[1, 1, -1, -1] | 8: leaf actions=[-1, 1, -1, 1] | 9: leaf actions=[0, -1, 1, 0] | 10: leaf actions=[0, 1, 0, -1] | 11: leaf actions=[1, 0, 1, 1] | 12: leaf actions=[0, 1, 1, 1] | 13: leaf actions=[0, 0, 0, -1] | 14: leaf actions=[1, 0, 1, -1]"
candidate,9,5,,119.81242391832166,,,,,,,,119.81242391832166,10,10,100,5,100,20260416,9,9,20260416,100,7500,1010,1,1010,-35.0733,-24.776,-203.001,174.688,3.38522,5,16.2888,"0: split feature=speed threshold=3.7339 | 1: split feature=neighbor_count threshold=11.2703 | 2: split feature=neighbor_count threshold=0.9170 | 3: split feature=speed threshold=4.8930 | 4: split feature=neighbor_count threshold=10.7330 | 5: split feature=speed threshold=1.7591 | 6: split feature=neighbor_count threshold=0.0768 | 7: leaf actions=[1, 1, -1, -1] | 8: leaf actions=[-1, 1, -1, 1] | 9: leaf actions=[1, -1, 0, 0] | 10: leaf actions=[1, 1, 0, -1] | 11: leaf actions=[1, 0, 1, 1] | 12: leaf actions=[0, 1, 1, 1] | 13: leaf actions=[0, 0, 0, -1] | 14: leaf actions=[1, 0, 1, -1]"
generation,9,,30,119.81252755006166,111.79832505371115,119.81233447382667,11.514928728718937,81.03307257319999,119.81252755006166,1,"0: split feature=speed threshold=3.7339 | 1: split feature=neighbor_count threshold=11.2703 | 2: split feature=neighbor_count threshold=0.9170 | 3: split feature=speed threshold=4.8930 | 4: split feature=mean_neighbor_distance threshold=13.2865 | 5: split feature=speed threshold=1.7591 | 6: split feature=neighbor_count threshold=0.0768 | 7: leaf actions=[1, 1, -1, -1] | 8: leaf actions=[-1, 1, -1, 1] | 9: leaf actions=[0, -1, 1, 0] | 10: leaf actions=[0, 1, 0, -1] | 11: leaf actions=[1, 0, 1, 1] | 12: leaf actions=[0, 1, 1, 1] | 13: leaf actions=[0, 0, 0, -1] | 14: leaf actions=[1, 0, 1, -1]",119.81252755006166,10,10,100,5,100,20260416,9,9,20260416,100,7500,1112.7,1.0,1010,-79.585880036451,-69.71661059796399,-203.001,172.13453333333334,6.111113633333334,4.0078396666666665,18.074442,
candidate,10,1,,119.81242915377163,,,,,,,,119.81242915377163,10,10,100,5,100,20260416,9,9,20260416,100,7500,1010,1,1010,-35.0733,-24.776,-203.001,174.688,3.38522,5,16.1652,"0: split feature=speed threshold=3.7339 | 1: split feature=neighbor_count threshold=11.2703 | 2: split feature=neighbor_count threshold=0.9170 | 3: split feature=speed threshold=4.8930 | 4: split feature=mean_neighbor_distance threshold=13.2865 | 5: split feature=speed threshold=1.7591 | 6: split feature=neighbor_count threshold=0.0768 | 7: leaf actions=[1, 1, -1, -1] | 8: leaf actions=[-1, 1, -1, 1] | 9: leaf actions=[0, -1, 1, 0] | 10: leaf actions=[0, 1, 0, -1] | 11: leaf actions=[1, 0, 1, 1] | 12: leaf actions=[0, 1, 1, 1] | 13: leaf actions=[0, 0, 0, -1] | 14: leaf actions=[1, 0, 1, -1]"
candidate,10,2,,119.81242540332167,,,,,,,,119.81242540332167,10,10,100,5,100,20260416,9,9,20260416,100,7500,1010,1,1010,-35.0733,-24.776,-203.001,174.688,3.38522,5,16.2126,"0: split feature=speed threshold=3.7339 | 1: split feature=neighbor_count threshold=11.2703 | 2: split feature=neighbor_count threshold=0.9170 | 3: split feature=speed threshold=4.8930 | 4: split feature=mean_neighbor_distance threshold=13.2865 | 5: split feature=speed threshold=1.7591 | 6: split feature=neighbor_count threshold=0.0768 | 7: leaf actions=[1, 1, -1, -1] | 8: leaf actions=[-1, 1, -1, 1] | 9: leaf actions=[0, -1, 1, 0] | 10: leaf actions=[0, 1, 0, -1] | 11: leaf actions=[1, 0, 1, 1] | 12: leaf actions=[0, 1, 1, 1] | 13: leaf actions=[0, 0, 0, -1] | 14: leaf actions=[1, 0, 1, -1]"
candidate,10,3,,119.81242367178166,,,,,,,,119.81242367178166,10,10,100,5,100,20260416,9,9,20260416,100,7500,1010,1,1010,-35.0733,-24.776,-203.001,174.688,3.38522,5,16.3343,"0: split feature=speed threshold=3.7339 | 1: split feature=neighbor_count threshold=11.2703 | 2: split feature=neighbor_count threshold=0.9170 | 3: split feature=speed threshold=4.8930 | 4: split feature=mean_neighbor_distance threshold=13.2865 | 5: split feature=speed threshold=1.7591 | 6: split feature=neighbor_count threshold=0.0768 | 7: leaf actions=[1, 1, -1, -1] | 8: leaf actions=[-1, 1, -1, 1] | 9: leaf actions=[0, -1, 1, 0] | 10: leaf actions=[0, 1, 0, -1] | 11: leaf actions=[1, 0, 1, 1] | 12: leaf actions=[0, 1, 1, 1] | 13: leaf actions=[0, 0, 0, -1] | 14: leaf actions=[1, 0, 1, -1]"
candidate,10,4,,119.81242268901161,,,,,,,,119.81242268901161,10,10,100,5,100,20260416,9,9,20260416,100,7500,1010,1,1010,-35.0733,-24.776,-203.001,174.688,3.38522,5,16.0231,"0: split feature=speed threshold=3.7339 | 1: split feature=neighbor_count threshold=11.2703 | 2: split feature=neighbor_count threshold=0.9170 | 3: split feature=speed threshold=4.8930 | 4: split feature=mean_neighbor_distance threshold=13.2865 | 5: split feature=speed threshold=1.7591 | 6: split feature=neighbor_count threshold=0.0768 | 7: leaf actions=[1, 1, -1, -1] | 8: leaf actions=[-1, 1, -1, 1] | 9: leaf actions=[0, -1, 1, 0] | 10: leaf actions=[0, 1, 0, -1] | 11: leaf actions=[1, 0, 1, 1] | 12: leaf actions=[0, 1, 1, 1] | 13: leaf actions=[0, 0, 0, -1] | 14: leaf actions=[1, 0, 1, -1]"
candidate,10,5,,119.81239824188164,,,,,,,,119.81239824188164,10,10,100,5,100,20260416,9,9,20260416,100,7500,1010,1,1010,-35.0733,-24.776,-203.001,174.688,3.38522,5,16.6386,"0: split feature=speed threshold=3.7339 | 1: split feature=neighbor_count threshold=11.2703 | 2: split feature=neighbor_count threshold=0.9170 | 3: split feature=speed threshold=4.8930 | 4: split feature=mean_neighbor_distance threshold=13.2865 | 5: split feature=speed threshold=1.7591 | 6: split feature=neighbor_count threshold=0.0768 | 7: leaf actions=[1, 1, -1, -1] | 8: leaf actions=[-1, 1, -1, 1] | 9: leaf actions=[0, -1, 1, 0] | 10: leaf actions=[0, 1, 0, -1] | 11: leaf actions=[1, 0, 1, 1] | 12: leaf actions=[0, 1, 1, 1] | 13: leaf actions=[0, 0, 0, -1] | 14: leaf actions=[1, 0, 1, -1]"
generation,10,,30,119.81242915377163,109.9351474712436,119.81234015101667,15.060803017437953,61.335814439345,119.81242915377163,1,"0: split feature=speed threshold=3.7339 | 1: split feature=neighbor_count threshold=11.2703 | 2: split feature=neighbor_count threshold=0.9170 | 3: split feature=speed threshold=4.8930 | 4: split feature=mean_neighbor_distance threshold=13.2865 | 5: split feature=speed threshold=1.7591 | 6: split feature=neighbor_count threshold=0.0768 | 7: leaf actions=[1, 1, -1, -1] | 8: leaf actions=[-1, 1, -1, 1] | 9: leaf actions=[0, -1, 1, 0] | 10: leaf actions=[0, 1, 0, -1] | 11: leaf actions=[1, 0, 1, 1] | 12: leaf actions=[0, 1, 1, 1] | 13: leaf actions=[0, 0, 0, -1] | 14: leaf actions=[1, 0, 1, -1]",119.81242915377163,10,10,100,5,100,20260416,9,9,20260416,100,7500,1200.7666666666667,0.9666666666666667,1010,-79.362234933,-65.19780620966667,-203.001,166.1491,9.556982166666666,3.9188994533333332,19.695172333333332,
candidate,11,1,,119.81249192350171,,,,,,,,119.81249192350171,10,10,100,5,100,20260416,9,9,20260416,100,7500,1010,1,1010,-35.0733,-24.776,-203.001,174.688,3.38522,5,13.631,"0: split feature=speed threshold=3.7339 | 1: split feature=neighbor_count threshold=11.2703 | 2: split feature=neighbor_count threshold=0.9170 | 3: split feature=speed threshold=4.8930 | 4: split feature=mean_neighbor_distance threshold=13.2865 | 5: split feature=speed threshold=1.7591 | 6: split feature=neighbor_count threshold=0.0768 | 7: leaf actions=[1, 1, -1, -1] | 8: leaf actions=[-1, 1, -1, 1] | 9: leaf actions=[0, -1, 1, 0] | 10: leaf actions=[0, 1, 0, -1] | 11: leaf actions=[1, 0, 1, 1] | 12: leaf actions=[0, 1, 1, 1] | 13: leaf actions=[0, 0, 0, -1] | 14: leaf actions=[1, 0, 1, -1]"
candidate,11,2,,119.81239926418166,,,,,,,,119.81239926418166,10,10,100,5,100,20260416,9,9,20260416,100,7500,1010,1,1010,-35.0733,-24.776,-203.001,174.688,3.38522,5,16.3602,"0: split feature=speed threshold=3.7339 | 1: split feature=neighbor_count threshold=11.2703 | 2: split feature=neighbor_count threshold=0.9170 | 3: split feature=speed threshold=4.8930 | 4: split feature=mean_neighbor_distance threshold=13.2865 | 5: split feature=speed threshold=1.7591 | 6: split feature=neighbor_count threshold=0.0768 | 7: leaf actions=[1, 1, -1, -1] | 8: leaf actions=[-1, 1, -1, 1] | 9: leaf actions=[0, -1, 1, 0] | 10: leaf actions=[0, 1, 0, -1] | 11: leaf actions=[1, 0, 1, 1] | 12: leaf actions=[0, 1, 1, 1] | 13: leaf actions=[0, 0, 0, -1] | 14: leaf actions=[1, 0, 1, -1]"
candidate,11,3,,119.81239686110167,,,,,,,,119.81239686110167,10,10,100,5,100,20260416,9,9,20260416,100,7500,1010,1,1010,-35.0733,-24.776,-203.001,174.688,3.38522,5,16.7221,"0: split feature=speed threshold=3.7339 | 1: split feature=neighbor_count threshold=11.2703 | 2: split feature=neighbor_count threshold=0.9170 | 3: split feature=speed threshold=4.8930 | 4: split feature=mean_neighbor_distance threshold=13.2865 | 5: split feature=speed threshold=1.7591 | 6: split feature=neighbor_count threshold=0.0768 | 7: leaf actions=[1, 1, -1, -1] | 8: leaf actions=[-1, 1, -1, 1] | 9: leaf actions=[0, -1, 1, 0] | 10: leaf actions=[0, 1, 0, -1] | 11: leaf actions=[1, 0, 1, 1] | 12: leaf actions=[0, 1, 1, 1] | 13: leaf actions=[0, 0, 0, -1] | 14: leaf actions=[1, 0, 1, -1]"
candidate,11,4,,119.81239673740166,,,,,,,,119.81239673740166,10,10,100,5,100,20260416,9,9,20260416,100,7500,1010,1,1010,-35.0733,-24.776,-203.001,174.688,3.38522,5,16.161,"0: split feature=speed threshold=3.7339 | 1: split feature=neighbor_count threshold=11.2703 | 2: split feature=neighbor_count threshold=0.9170 | 3: split feature=speed threshold=4.8930 | 4: split feature=mean_neighbor_distance threshold=13.2865 | 5: split feature=speed threshold=1.7591 | 6: split feature=neighbor_count threshold=0.0768 | 7: leaf actions=[1, 1, -1, -1] | 8: leaf actions=[-1, 1, -1, 1] | 9: leaf actions=[0, -1, 1, 0] | 10: leaf actions=[0, 1, 0, -1] | 11: leaf actions=[1, 0, 1, 1] | 12: leaf actions=[0, 1, 1, 1] | 13: leaf actions=[0, 0, 0, -1] | 14: leaf actions=[1, 0, 1, -1]"
candidate,11,5,,119.81239653723165,,,,,,,,119.81239653723165,10,10,100,5,100,20260416,9,9,20260416,100,7500,1010,1,1010,-35.0733,-24.776,-203.001,174.688,3.38522,5,16.4052,"0: split feature=speed threshold=3.7339 | 1: split feature=neighbor_count threshold=11.2703 | 2: split feature=neighbor_count threshold=0.9170 | 3: split feature=speed threshold=4.8930 | 4: split feature=mean_neighbor_distance threshold=13.2865 | 5: split feature=speed threshold=1.7591 | 6: split feature=neighbor_count threshold=0.0768 | 7: leaf actions=[1, 1, -1, -1] | 8: leaf actions=[-1, 1, -1, 1] | 9: leaf actions=[0, -1, 1, 0] | 10: leaf actions=[0, 1, 0, -1] | 11: leaf actions=[1, 0, 1, 1] | 12: leaf actions=[0, 1, 1, 1] | 13: leaf actions=[0, 0, 0, -1] | 14: leaf actions=[1, 0, 1, -1]"
generation,11,,30,119.81249192350171,113.68197772991691,119.81233464376666,11.120980837723407,74.34549618863325,119.81249192350171,1,"0: split feature=speed threshold=3.7339 | 1: split feature=neighbor_count threshold=11.2703 | 2: split feature=neighbor_count threshold=0.9170 | 3: split feature=speed threshold=4.8930 | 4: split feature=mean_neighbor_distance threshold=13.2865 | 5: split feature=speed threshold=1.7591 | 6: split feature=neighbor_count threshold=0.0768 | 7: leaf actions=[1, 1, -1, -1] | 8: leaf actions=[-1, 1, -1, 1] | 9: leaf actions=[0, -1, 1, 0] | 10: leaf actions=[0, 1, 0, -1] | 11: leaf actions=[1, 0, 1, 1] | 12: leaf actions=[0, 1, 1, 1] | 13: leaf actions=[0, 0, 0, -1] | 14: leaf actions=[1, 0, 1, -1]",119.81249192350171,10,10,100,5,100,20260416,9,9,20260416,100,7500,935.6,1.0,1010,-51.4267823554,-42.7213266404,-203.001,171.65653333333333,3.7997816666666666,4.431397566666667,15.422920333333334,
candidate,12,1,,119.81243666016164,,,,,,,,119.81243666016164,10,10,100,5,100,20260416,9,9,20260416,100,7500,1010,1,1010,-35.0733,-24.776,-203.001,174.688,3.38522,5,13.5968,"0: split feature=speed threshold=3.7339 | 1: split feature=neighbor_count threshold=11.2703 | 2: split feature=neighbor_count threshold=0.9170 | 3: split feature=speed threshold=4.8930 | 4: split feature=mean_neighbor_distance threshold=13.2865 | 5: split feature=speed threshold=1.7591 | 6: split feature=neighbor_count threshold=0.0768 | 7: leaf actions=[1, 1, -1, -1] | 8: leaf actions=[-1, 1, -1, 1] | 9: leaf actions=[0, -1, 1, 0] | 10: leaf actions=[0, 1, 0, -1] | 11: leaf actions=[1, 0, 1, 1] | 12: leaf actions=[0, 1, 1, 1] | 13: leaf actions=[0, 0, 0, -1] | 14: leaf actions=[1, 0, 1, -1]"
candidate,12,2,,119.8124163242717,,,,,,,,119.8124163242717,10,10,100,5,100,20260416,9,9,20260416,100,7500,1010,1,1010,-35.0733,-24.776,-203.001,174.688,3.38522,5,16.3714,"0: split feature=speed threshold=3.7339 | 1: split feature=neighbor_count threshold=11.2703 | 2: split feature=neighbor_count threshold=0.9170 | 3: split feature=speed threshold=4.8930 | 4: split feature=mean_neighbor_distance threshold=13.2865 | 5: split feature=speed threshold=1.7591 | 6: split feature=neighbor_count threshold=0.0768 | 7: leaf actions=[1, 1, -1, -1] | 8: leaf actions=[-1, 1, -1, 1] | 9: leaf actions=[0, -1, 1, 0] | 10: leaf actions=[0, 1, 0, -1] | 11: leaf actions=[1, 0, 1, 1] | 12: leaf actions=[0, 1, 1, 1] | 13: leaf actions=[0, 0, 0, -1] | 14: leaf actions=[1, 0, 1, -1]"
candidate,12,3,,119.81241622159169,,,,,,,,119.81241622159169,10,10,100,5,100,20260416,9,9,20260416,100,7500,1010,1,1010,-35.0733,-24.776,-203.001,174.688,3.38522,5,16.4926,"0: split feature=speed threshold=3.7339 | 1: split feature=neighbor_count threshold=11.2703 | 2: split feature=neighbor_count threshold=0.9170 | 3: split feature=speed threshold=4.8930 | 4: split feature=mean_neighbor_distance threshold=13.2865 | 5: split feature=speed threshold=1.7591 | 6: split feature=neighbor_count threshold=0.0768 | 7: leaf actions=[1, 1, -1, -1] | 8: leaf actions=[-1, 1, -1, 1] | 9: leaf actions=[0, -1, 1, 0] | 10: leaf actions=[0, 1, 0, -1] | 11: leaf actions=[1, 0, 1, 1] | 12: leaf actions=[0, 1, 1, 1] | 13: leaf actions=[0, 0, 0, -1] | 14: leaf actions=[1, 0, 1, -1]"
candidate,12,4,,119.81241616963165,,,,,,,,119.81241616963165,10,10,100,5,100,20260416,9,9,20260416,100,7500,1010,1,1010,-35.0733,-24.776,-203.001,174.688,3.38522,5,16.2792,"0: split feature=speed threshold=3.7339 | 1: split feature=neighbor_count threshold=11.2703 | 2: split feature=neighbor_count threshold=0.9170 | 3: split feature=speed threshold=4.8930 | 4: split feature=mean_neighbor_distance threshold=13.2865 | 5: split feature=speed threshold=1.7591 | 6: split feature=neighbor_count threshold=0.0768 | 7: leaf actions=[1, 1, -1, -1] | 8: leaf actions=[-1, 1, -1, 1] | 9: leaf actions=[0, -1, 1, 0] | 10: leaf actions=[0, 1, 0, -1] | 11: leaf actions=[1, 0, 1, 1] | 12: leaf actions=[0, 1, 1, 1] | 13: leaf actions=[0, 0, 0, -1] | 14: leaf actions=[1, 0, 1, -1]"
candidate,12,5,,119.81241401732164,,,,,,,,119.81241401732164,10,10,100,5,100,20260416,9,9,20260416,100,7500,1010,1,1010,-35.0733,-24.776,-203.001,174.688,3.38522,5,16.4232,"0: split feature=speed threshold=3.7339 | 1: split feature=neighbor_count threshold=11.2703 | 2: split feature=neighbor_count threshold=0.9170 | 3: split feature=speed threshold=4.8930 | 4: split feature=mean_neighbor_distance threshold=13.2865 | 5: split feature=speed threshold=1.7591 | 6: split feature=neighbor_count threshold=0.0768 | 7: leaf actions=[1, 1, -1, -1] | 8: leaf actions=[-1, 1, -1, 1] | 9: leaf actions=[0, -1, 1, 0] | 10: leaf actions=[0, 1, 0, -1] | 11: leaf actions=[1, 0, 1, 1] | 12: leaf actions=[0, 1, 1, 1] | 13: leaf actions=[0, 0, 0, -1] | 14: leaf actions=[1, 0, 1, -1]"
generation,12,,30,119.81243666016164,115.83140540488155,119.81233252359667,8.70110094461311,91.572220912045,119.81243666016164,1,"0: split feature=speed threshold=3.7339 | 1: split feature=neighbor_count threshold=11.2703 | 2: split feature=neighbor_count threshold=0.9170 | 3: split feature=speed threshold=4.8930 | 4: split feature=mean_neighbor_distance threshold=13.2865 | 5: split feature=speed threshold=1.7591 | 6: split feature=neighbor_count threshold=0.0768 | 7: leaf actions=[1, 1, -1, -1] | 8: leaf actions=[-1, 1, -1, 1] | 9: leaf actions=[0, -1, 1, 0] | 10: leaf actions=[0, 1, 0, -1] | 11: leaf actions=[1, 0, 1, 1] | 12: leaf actions=[0, 1, 1, 1] | 13: leaf actions=[0, 0, 0, -1] | 14: leaf actions=[1, 0, 1, -1]",119.81243666016164,10,10,100,5,100,20260416,9,9,20260416,100,7500,1161.8,0.9666666666666667,1010,-41.20365375264333,-31.284963953196666,-203.001,172.5853,4.556362766666666,4.546442633333333,19.191560666666668,
candidate,13,1,,119.81258165811163,,,,,,,,119.81258165811163,10,10,100,5,100,20260416,9,9,20260416,100,7500,1010,1,1010,-35.0733,-24.776,-203.001,174.688,3.38522,5,13.5516,"0: split feature=speed threshold=3.7339 | 1: split feature=neighbor_count threshold=11.2703 | 2: split feature=neighbor_count threshold=0.9170 | 3: split feature=speed threshold=4.8930 | 4: split feature=mean_neighbor_distance threshold=13.2865 | 5: split feature=speed threshold=1.7591 | 6: split feature=neighbor_count threshold=0.0768 | 7: leaf actions=[1, 1, -1, -1] | 8: leaf actions=[-1, 1, -1, 1] | 9: leaf actions=[0, -1, 1, 0] | 10: leaf actions=[0, 1, 0, -1] | 11: leaf actions=[1, 0, 1, 1] | 12: leaf actions=[0, 1, 1, 1] | 13: leaf actions=[0, 0, 0, -1] | 14: leaf actions=[1, 0, 1, -1]"
candidate,13,2,,119.81249392725167,,,,,,,,119.81249392725167,10,10,100,5,100,20260416,9,9,20260416,100,7500,1010,1,1010,-35.0733,-24.776,-203.001,174.688,3.38522,5,13.8231,"0: split feature=speed threshold=3.7339 | 1: split feature=neighbor_count threshold=11.2703 | 2: split feature=neighbor_count threshold=0.9170 | 3: split feature=speed threshold=4.8930 | 4: split feature=mean_neighbor_distance threshold=13.2865 | 5: split feature=speed threshold=1.7591 | 6: split feature=neighbor_count threshold=0.0768 | 7: leaf actions=[1, 1, -1, -1] | 8: leaf actions=[-1, 1, -1, 1] | 9: leaf actions=[0, 1, 1, -1] | 10: leaf actions=[0, 1, -1, 0] | 11: leaf actions=[1, 0, 1, 1] | 12: leaf actions=[0, 1, 1, 1] | 13: leaf actions=[0, 0, 0, -1] | 14: leaf actions=[1, 0, 1, -1]"
candidate,13,3,,119.8124015251516,,,,,,,,119.8124015251516,10,10,100,5,100,20260416,9,9,20260416,100,7500,1010,1,1010,-35.0733,-24.776,-203.001,174.688,3.38522,5,16.614,"0: split feature=speed threshold=3.7339 | 1: split feature=neighbor_count threshold=11.2703 | 2: split feature=neighbor_count threshold=0.9170 | 3: split feature=speed threshold=4.8930 | 4: split feature=mean_neighbor_distance threshold=13.2865 | 5: split feature=speed threshold=1.7591 | 6: split feature=neighbor_count threshold=0.0768 | 7: leaf actions=[1, 1, -1, -1] | 8: leaf actions=[-1, 1, -1, 1] | 9: leaf actions=[0, -1, 1, 0] | 10: leaf actions=[0, 1, 0, -1] | 11: leaf actions=[1, 0, 1, 1] | 12: leaf actions=[0, 1, 1, 1] | 13: leaf actions=[0, 0, 0, -1] | 14: leaf actions=[1, 0, 1, -1]"
candidate,13,4,,119.81240050085164,,,,,,,,119.81240050085164,10,10,100,5,100,20260416,9,9,20260416,100,7500,1010,1,1010,-35.0733,-24.776,-203.001,174.688,3.38522,5,16.4866,"0: split feature=speed threshold=3.7339 | 1: split feature=neighbor_count threshold=11.2703 | 2: split feature=neighbor_count threshold=0.9170 | 3: split feature=speed threshold=4.8930 | 4: split feature=mean_neighbor_distance threshold=13.2865 | 5: split feature=speed threshold=1.7591 | 6: split feature=neighbor_count threshold=0.0768 | 7: leaf actions=[1, 1, -1, -1] | 8: leaf actions=[-1, 1, -1, 1] | 9: leaf actions=[0, -1, 1, 0] | 10: leaf actions=[0, 1, 0, -1] | 11: leaf actions=[1, 0, 1, 1] | 12: leaf actions=[0, 1, 1, 1] | 13: leaf actions=[0, 0, 0, -1] | 14: leaf actions=[1, 0, 1, -1]"
candidate,13,5,,119.81239743881166,,,,,,,,119.81239743881166,10,10,100,5,100,20260416,9,9,20260416,100,7500,1010,1,1010,-35.0733,-24.776,-203.001,174.688,3.38522,5,16.5227,"0: split feature=speed threshold=3.7339 | 1: split feature=neighbor_count threshold=11.2703 | 2: split feature=neighbor_count threshold=0.9170 | 3: split feature=speed threshold=4.8930 | 4: split feature=mean_neighbor_distance threshold=13.2865 | 5: split feature=speed threshold=1.7591 | 6: split feature=neighbor_count threshold=0.0768 | 7: leaf actions=[1, 1, -1, -1] | 8: leaf actions=[-1, 1, -1, 1] | 9: leaf actions=[0, -1, 1, 0] | 10: leaf actions=[0, 1, 0, -1] | 11: leaf actions=[1, 0, 1, 1] | 12: leaf actions=[0, 1, 1, 1] | 13: leaf actions=[0, 0, 0, -1] | 14: leaf actions=[1, 0, 1, -1]"
generation,13,,30,119.81258165811163,117.27006875504195,119.81234061242667,5.947170037154886,92.55109262862645,119.81258165811163,1,"0: split feature=speed threshold=3.7339 | 1: split feature=neighbor_count threshold=11.2703 | 2: split feature=neighbor_count threshold=0.9170 | 3: split feature=speed threshold=4.8930 | 4: split feature=mean_neighbor_distance threshold=13.2865 | 5: split feature=speed threshold=1.7591 | 6: split feature=neighbor_count threshold=0.0768 | 7: leaf actions=[1, 1, -1, -1] | 8: leaf actions=[-1, 1, -1, 1] | 9: leaf actions=[0, -1, 1, 0] | 10: leaf actions=[0, 1, 0, -1] | 11: leaf actions=[1, 0, 1, 1] | 12: leaf actions=[0, 1, 1, 1] | 13: leaf actions=[0, 0, 0, -1] | 14: leaf actions=[1, 0, 1, -1]",119.81258165811163,10,10,100,5,100,20260416,9,9,20260416,100,7500,954.5666666666667,1.0,1010,-50.55715752133334,-40.648972271333335,-203.001,174.00323333333333,3.4119676666666665,4.5811481,15.881335666666667,
candidate,14,1,,119.81248425217166,,,,,,,,119.81248425217166,10,10,100,5,100,20260416,9,9,20260416,100,7500,1010,1,1010,-35.0733,-24.776,-203.001,174.688,3.38522,5,13.8135,"0: split feature=speed threshold=3.7339 | 1: split feature=neighbor_count threshold=11.2703 | 2: split feature=neighbor_count threshold=0.9170 | 3: split feature=speed threshold=4.8930 | 4: split feature=mean_neighbor_distance threshold=13.2865 | 5: split feature=speed threshold=1.7591 | 6: split feature=neighbor_count threshold=0.0768 | 7: leaf actions=[1, 1, -1, -1] | 8: leaf actions=[-1, 1, -1, 1] | 9: leaf actions=[0, -1, 1, 0] | 10: leaf actions=[0, 1, 0, -1] | 11: leaf actions=[1, 0, 1, 1] | 12: leaf actions=[0, 1, 1, 1] | 13: leaf actions=[0, 0, 0, -1] | 14: leaf actions=[1, 0, 1, -1]"
candidate,14,2,,119.81241820907168,,,,,,,,119.81241820907168,10,10,100,5,100,20260416,9,9,20260416,100,7500,1010,1,1010,-35.0733,-24.776,-203.001,174.688,3.38522,5,16.3328,"0: split feature=speed threshold=3.7339 | 1: split feature=neighbor_count threshold=11.2703 | 2: split feature=neighbor_count threshold=0.9170 | 3: split feature=speed threshold=4.8930 | 4: split feature=mean_neighbor_distance threshold=13.2865 | 5: split feature=speed threshold=1.7591 | 6: split feature=neighbor_count threshold=0.0768 | 7: leaf actions=[1, 1, -1, -1] | 8: leaf actions=[-1, 1, -1, 1] | 9: leaf actions=[0, 1, 1, -1] | 10: leaf actions=[0, 1, -1, 0] | 11: leaf actions=[1, 0, 1, 1] | 12: leaf actions=[0, 1, 1, 1] | 13: leaf actions=[0, 0, 0, -1] | 14: leaf actions=[1, 0, 1, -1]"
candidate,14,3,,119.8124163337617,,,,,,,,119.8124163337617,10,10,100,5,100,20260416,9,9,20260416,100,7500,1010,1,1010,-35.0733,-24.776,-203.001,174.688,3.38522,5,16.5465,"0: split feature=speed threshold=3.7339 | 1: split feature=neighbor_count threshold=11.2703 | 2: split feature=neighbor_count threshold=0.9170 | 3: split feature=speed threshold=4.8930 | 4: split feature=mean_neighbor_distance threshold=13.2865 | 5: split feature=speed threshold=1.7591 | 6: split feature=neighbor_count threshold=0.0768 | 7: leaf actions=[1, 1, -1, -1] | 8: leaf actions=[-1, 1, -1, 1] | 9: leaf actions=[0, -1, 1, 0] | 10: leaf actions=[0, 1, 0, -1] | 11: leaf actions=[1, 0, 1, 1] | 12: leaf actions=[0, 1, 1, 1] | 13: leaf actions=[0, 0, 0, -1] | 14: leaf actions=[1, 0, 1, -1]"
candidate,14,4,,119.81241545446163,,,,,,,,119.81241545446163,10,10,100,5,100,20260416,9,9,20260416,100,7500,1010,1,1010,-35.0733,-24.776,-203.001,174.688,3.38522,5,16.6133,"0: split feature=speed threshold=3.7339 | 1: split feature=neighbor_count threshold=11.2703 | 2: split feature=neighbor_count threshold=0.9170 | 3: split feature=speed threshold=4.8930 | 4: split feature=mean_neighbor_distance threshold=13.2865 | 5: split feature=speed threshold=1.7591 | 6: split feature=neighbor_count threshold=0.0768 | 7: leaf actions=[1, 1, -1, -1] | 8: leaf actions=[-1, 1, -1, 1] | 9: leaf actions=[0, -1, 1, 0] | 10: leaf actions=[0, 1, 0, -1] | 11: leaf actions=[1, 0, 1, 1] | 12: leaf actions=[0, 1, 1, 1] | 13: leaf actions=[0, 0, 0, -1] | 14: leaf actions=[1, 0, 1, -1]"
candidate,14,5,,119.8124065655917,,,,,,,,119.8124065655917,10,10,100,5,100,20260416,9,9,20260416,100,7500,1010,1,1010,-35.0733,-24.776,-203.001,174.688,3.38522,5,16.3413,"0: split feature=speed threshold=3.7339 | 1: split feature=neighbor_count threshold=11.2703 | 2: split feature=neighbor_count threshold=0.9170 | 3: split feature=speed threshold=4.8930 | 4: split feature=mean_neighbor_distance threshold=13.2865 | 5: split feature=speed threshold=1.7591 | 6: split feature=neighbor_count threshold=0.0768 | 7: leaf actions=[1, 1, -1, -1] | 8: leaf actions=[-1, 1, -1, 1] | 9: leaf actions=[0, -1, 1, 0] | 10: leaf actions=[0, 1, 0, -1] | 11: leaf actions=[1, 0, 1, 1] | 12: leaf actions=[0, 1, 1, 1] | 13: leaf actions=[0, 0, 0, -1] | 14: leaf actions=[1, 0, 1, -1]"
generation,14,,30,119.81248425217166,114.0536247642283,119.81231275191166,10.485176448163212,85.25658238487503,119.81248425217166,1,"0: split feature=speed threshold=3.7339 | 1: split feature=neighbor_count threshold=11.2703 | 2: split feature=neighbor_count threshold=0.9170 | 3: split feature=speed threshold=4.8930 | 4: split feature=mean_neighbor_distance threshold=13.2865 | 5: split feature=speed threshold=1.7591 | 6: split feature=neighbor_count threshold=0.0768 | 7: leaf actions=[1, 1, -1, -1] | 8: leaf actions=[-1, 1, -1, 1] | 9: leaf actions=[0, -1, 1, 0] | 10: leaf actions=[0, 1, 0, -1] | 11: leaf actions=[1, 0, 1, 1] | 12: leaf actions=[0, 1, 1, 1] | 13: leaf actions=[0, 0, 0, -1] | 14: leaf actions=[1, 0, 1, -1]",119.81248425217166,10,10,100,5,100,20260416,9,9,20260416,100,7500,1332.0666666666666,0.9666666666666667,1010,-77.70864863333334,-67.90245826666667,-203.001,172.03313333333332,6.139593133333333,4.2260127333333335,22.129460666666667,
candidate,15,1,,119.81242897241171,,,,,,,,119.81242897241171,10,10,100,5,100,20260416,9,9,20260416,100,7500,1010,1,1010,-35.0733,-24.776,-203.001,174.688,3.38522,5,14.0117,"0: split feature=speed threshold=3.7339 | 1: split feature=neighbor_count threshold=11.2703 | 2: split feature=neighbor_count threshold=0.9170 | 3: split feature=speed threshold=4.8930 | 4: split feature=mean_neighbor_distance threshold=13.2865 | 5: split feature=speed threshold=1.7591 | 6: split feature=neighbor_count threshold=0.0768 | 7: leaf actions=[1, 1, -1, -1] | 8: leaf actions=[-1, 1, -1, 1] | 9: leaf actions=[0, -1, 1, 0] | 10: leaf actions=[0, 1, 0, -1] | 11: leaf actions=[1, 0, 1, 1] | 12: leaf actions=[0, 1, 1, 1] | 13: leaf actions=[0, 0, 0, -1] | 14: leaf actions=[1, 0, 1, -1]"
candidate,15,2,,119.81237786928168,,,,,,,,119.81237786928168,10,10,100,5,100,20260416,9,9,20260416,100,7500,1010,1,1010,-35.0733,-24.776,-203.001,174.688,3.38522,5,16.6813,"0: split feature=speed threshold=3.7339 | 1: split feature=neighbor_count threshold=11.2703 | 2: split feature=neighbor_count threshold=0.9170 | 3: split feature=speed threshold=4.8930 | 4: split feature=mean_neighbor_distance threshold=13.2865 | 5: split feature=speed threshold=1.7591 | 6: split feature=neighbor_count threshold=0.0768 | 7: leaf actions=[1, 1, -1, -1] | 8: leaf actions=[-1, 1, -1, 1] | 9: leaf actions=[0, -1, 1, 0] | 10: leaf actions=[0, 1, 0, -1] | 11: leaf actions=[1, 0, 1, 1] | 12: leaf actions=[0, 1, 1, 1] | 13: leaf actions=[0, 0, 0, -1] | 14: leaf actions=[1, 0, 1, -1]"
candidate,15,3,,119.81237497750166,,,,,,,,119.81237497750166,10,10,100,5,100,20260416,9,9,20260416,100,7500,1010,1,1010,-35.0733,-24.776,-203.001,174.688,3.38522,5,16.652,"0: split feature=speed threshold=3.7339 | 1: split feature=neighbor_count threshold=11.2703 | 2: split feature=neighbor_count threshold=0.9170 | 3: split feature=speed threshold=4.8930 | 4: split feature=mean_neighbor_distance threshold=13.2865 | 5: split feature=speed threshold=1.7591 | 6: split feature=neighbor_count threshold=0.0768 | 7: leaf actions=[1, 1, -1, -1] | 8: leaf actions=[-1, 1, -1, 1] | 9: leaf actions=[0, -1, 1, 0] | 10: leaf actions=[0, 1, 0, -1] | 11: leaf actions=[1, 0, 1, 1] | 12: leaf actions=[0, 1, 1, 1] | 13: leaf actions=[0, 0, 0, -1] | 14: leaf actions=[1, 0, 1, -1]"
candidate,15,4,,119.8123725199416,,,,,,,,119.8123725199416,10,10,100,5,100,20260416,9,9,20260416,100,7500,1010,1,1010,-35.0733,-24.776,-203.001,174.688,3.38522,5,16.6372,"0: split feature=speed threshold=3.7339 | 1: split feature=neighbor_count threshold=11.2703 | 2: split feature=neighbor_count threshold=0.9170 | 3: split feature=speed threshold=4.8930 | 4: split feature=mean_neighbor_distance threshold=13.2865 | 5: split feature=speed threshold=1.7591 | 6: split feature=neighbor_count threshold=0.0768 | 7: leaf actions=[1, 1, -1, -1] | 8: leaf actions=[-1, 1, -1, 1] | 9: leaf actions=[0, -1, 1, 0] | 10: leaf actions=[0, 1, 0, -1] | 11: leaf actions=[1, 0, 1, 1] | 12: leaf actions=[0, 1, 1, 1] | 13: leaf actions=[0, 0, 0, -1] | 14: leaf actions=[1, 0, 1, -1]"
candidate,15,5,,119.81235199357165,,,,,,,,119.81235199357165,10,10,100,5,100,20260416,9,9,20260416,100,7500,1010,1,1010,-35.0733,-24.776,-203.001,174.688,3.38522,5,16.6332,"0: split feature=speed threshold=3.7339 | 1: split feature=neighbor_count threshold=11.2703 | 2: split feature=neighbor_count threshold=0.9170 | 3: split feature=speed threshold=4.8930 | 4: split feature=mean_neighbor_distance threshold=13.2865 | 5: split feature=speed threshold=1.7591 | 6: split feature=neighbor_count threshold=0.0768 | 7: leaf actions=[1, 1, -1, -1] | 8: leaf actions=[-1, 1, -1, 1] | 9: leaf actions=[0, -1, 1, 0] | 10: leaf actions=[0, 1, 0, -1] | 11: leaf actions=[1, 0, 1, 1] | 12: leaf actions=[0, 1, 1, 1] | 13: leaf actions=[0, 0, 0, -1] | 14: leaf actions=[1, 0, 1, -1]"
generation,15,,30,119.81242897241171,110.89585616788227,119.81231194934665,12.503005359537834,70.311532751295,119.81242897241171,1,"0: split feature=speed threshold=3.7339 | 1: split feature=neighbor_count threshold=11.2703 | 2: split feature=neighbor_count threshold=0.9170 | 3: split feature=speed threshold=4.8930 | 4: split feature=mean_neighbor_distance threshold=13.2865 | 5: split feature=speed threshold=1.7591 | 6: split feature=neighbor_count threshold=0.0768 | 7: leaf actions=[1, 1, -1, -1] | 8: leaf actions=[-1, 1, -1, 1] | 9: leaf actions=[0, -1, 1, 0] | 10: leaf actions=[0, 1, 0, -1] | 11: leaf actions=[1, 0, 1, 1] | 12: leaf actions=[0, 1, 1, 1] | 13: leaf actions=[0, 0, 0, -1] | 14: leaf actions=[1, 0, 1, -1]",119.81242897241171,10,10,100,5,100,20260416,9,9,20260416,100,7500,1115.8,1.0,1010,-83.93166843333333,-72.7323154,-203.001,171.39543333333333,6.949871466666667,3.816241473333333,18.489022666666667,
candidate,16,1,,120.53133680931587,,,,,,,,120.53133680931587,10,10,100,5,100,20260416,9,9,20260416,100,7500,584,1,584,-0.113375,-0.0781312,-202.986,174.498,3.27752,4.36653,9.58488,"0: split feature=speed threshold=3.7339 | 1: split feature=neighbor_count threshold=12.0000 | 2: split feature=neighbor_count threshold=0.9170 | 3: split feature=nearest_neighbor_distance threshold=7.9005 | 4: split feature=mean_neighbor_distance threshold=40.9957 | 5: split feature=speed threshold=1.7591 | 6: split feature=neighbor_count threshold=0.0768 | 7: leaf actions=[1, 1, -1, -1] | 8: leaf actions=[1, 1, 0, 0] | 9: leaf actions=[0, 1, 0, 0] | 10: leaf actions=[0, 1, 1, -1] | 11: leaf actions=[1, -1, 0, 1] | 12: leaf actions=[-1, 0, 1, 1] | 13: leaf actions=[0, 0, 0, -1] | 14: leaf actions=[1, 0, 1, 1]"
candidate,16,2,,119.81240487712165,,,,,,,,119.81240487712165,10,10,100,5,100,20260416,9,9,20260416,100,7500,1010,1,1010,-35.0733,-24.776,-203.001,174.688,3.38522,5,16.4745,"0: split feature=speed threshold=3.7339 | 1: split feature=neighbor_count threshold=11.2703 | 2: split feature=neighbor_count threshold=0.9170 | 3: split feature=speed threshold=4.8930 | 4: split feature=mean_neighbor_distance threshold=13.2865 | 5: split feature=speed threshold=1.7591 | 6: split feature=neighbor_count threshold=0.0768 | 7: leaf actions=[1, 1, -1, -1] | 8: leaf actions=[-1, 1, -1, 1] | 9: leaf actions=[0, -1, 1, 0] | 10: leaf actions=[0, 1, 0, -1] | 11: leaf actions=[1, 0, 1, 1] | 12: leaf actions=[0, 1, 1, 1] | 13: leaf actions=[0, 0, 0, -1] | 14: leaf actions=[1, 0, 1, -1]"
candidate,16,3,,119.81240411513164,,,,,,,,119.81240411513164,10,10,100,5,100,20260416,9,9,20260416,100,7500,1010,1,1010,-35.0733,-24.776,-203.001,174.688,3.38522,5,16.6399,"0: split feature=speed threshold=3.7339 | 1: split feature=neighbor_count threshold=11.2703 | 2: split feature=neighbor_count threshold=0.9170 | 3: split feature=speed threshold=4.8930 | 4: split feature=mean_neighbor_distance threshold=13.2865 | 5: split feature=speed threshold=1.7591 | 6: split feature=neighbor_count threshold=0.0768 | 7: leaf actions=[1, 1, -1, -1] | 8: leaf actions=[-1, 1, -1, 1] | 9: leaf actions=[0, -1, 1, 0] | 10: leaf actions=[0, 1, 0, -1] | 11: leaf actions=[1, 0, 1, 1] | 12: leaf actions=[0, 1, 1, 1] | 13: leaf actions=[0, 0, 0, -1] | 14: leaf actions=[1, 0, 1, -1]"
candidate,16,4,,119.8124021917917,,,,,,,,119.8124021917917,10,10,100,5,100,20260416,9,9,20260416,100,7500,1010,1,1010,-35.0733,-24.776,-203.001,174.688,3.38522,5,13.7654,"0: split feature=speed threshold=3.7339 | 1: split feature=neighbor_count threshold=11.2703 | 2: split feature=neighbor_count threshold=0.9170 | 3: split feature=speed threshold=4.8930 | 4: split feature=mean_neighbor_distance threshold=13.2865 | 5: split feature=speed threshold=1.7591 | 6: split feature=neighbor_count threshold=0.0768 | 7: leaf actions=[1, 1, -1, -1] | 8: leaf actions=[-1, 1, -1, 1] | 9: leaf actions=[0, -1, 1, 0] | 10: leaf actions=[0, 1, 0, -1] | 11: leaf actions=[1, 0, 1, 1] | 12: leaf actions=[0, 1, 1, 1] | 13: leaf actions=[0, 0, 0, -1] | 14: leaf actions=[1, 0, 1, -1]"
candidate,16,5,,119.81239965214165,,,,,,,,119.81239965214165,10,10,100,5,100,20260416,9,9,20260416,100,7500,1010,1,1010,-35.0733,-24.776,-203.001,174.688,3.38522,5,16.6968,"0: split feature=speed threshold=3.7339 | 1: split feature=neighbor_count threshold=11.2703 | 2: split feature=neighbor_count threshold=0.9170 | 3: split feature=speed threshold=4.8930 | 4: split feature=mean_neighbor_distance threshold=13.2865 | 5: split feature=speed threshold=1.7591 | 6: split feature=neighbor_count threshold=0.0768 | 7: leaf actions=[1, 1, -1, -1] | 8: leaf actions=[-1, 1, -1, 1] | 9: leaf actions=[0, -1, 1, 0] | 10: leaf actions=[0, 1, 0, -1] | 11: leaf actions=[1, 0, 1, 1] | 12: leaf actions=[0, 1, 1, 1] | 13: leaf actions=[0, 0, 0, -1] | 14: leaf actions=[1, 0, 1, -1]"
generation,16,,30,120.53133680931587,114.64076986963536,119.81231956986164,9.991971267779535,72.334944965805,120.53133680931587,1,"0: split feature=speed threshold=3.7339 | 1: split feature=neighbor_count threshold=12.0000 | 2: split feature=neighbor_count threshold=0.9170 | 3: split feature=nearest_neighbor_distance threshold=7.9005 | 4: split feature=mean_neighbor_distance threshold=40.9957 | 5: split feature=speed threshold=1.7591 | 6: split feature=neighbor_count threshold=0.0768 | 7: leaf actions=[1, 1, -1, -1] | 8: leaf actions=[1, 1, 0, 0] | 9: leaf actions=[0, 1, 0, 0] | 10: leaf actions=[0, 1, 1, -1] | 11: leaf actions=[1, -1, 0, 1] | 12: leaf actions=[-1, 0, 1, 1] | 13: leaf actions=[0, 0, 0, -1] | 14: leaf actions=[1, 0, 1, 1]",120.53133680931587,10,10,100,5,100,20260416,9,9,20260416,100,7500,1179.9,1.0,584,-64.36860334666667,-53.87493635333333,-203.001,172.43963333333332,5.775728666666667,4.162811756,19.427516,
candidate,17,1,,120.53121621934592,,,,,,,,120.53121621934592,10,10,100,5,100,20260416,9,9,20260416,100,7500,584,1,584,-0.113375,-0.0781312,-202.986,174.498,3.27752,4.36653,9.99058,"0: split feature=speed threshold=3.7339 | 1: split feature=neighbor_count threshold=12.0000 | 2: split feature=neighbor_count threshold=0.9170 | 3: split feature=nearest_neighbor_distance threshold=7.9005 | 4: split feature=mean_neighbor_distance threshold=40.9957 | 5: split feature=speed threshold=1.7591 | 6: split feature=neighbor_count threshold=0.0768 | 7: leaf actions=[1, 1, -1, -1] | 8: leaf actions=[1, 1, 0, 0] | 9: leaf actions=[0, 1, 0, 0] | 10: leaf actions=[0, 1, 1, -1] | 11: leaf actions=[1, -1, 0, 1] | 12: leaf actions=[-1, 0, 1, 1] | 13: leaf actions=[0, 0, 0, -1] | 14: leaf actions=[1, 0, 1, 1]"
candidate,17,2,,119.81233949722166,,,,,,,,119.81233949722166,10,10,100,5,100,20260416,9,9,20260416,100,7500,1010,1,1010,-35.0733,-24.776,-203.001,174.688,3.38522,5,15.8066,"0: split feature=speed threshold=3.7339 | 1: split feature=neighbor_count threshold=11.2703 | 2: split feature=speed threshold=2.0109 | 3: split feature=speed threshold=5.0000 | 4: split feature=mean_neighbor_distance threshold=7.4411 | 5: split feature=speed threshold=1.7591 | 6: split feature=neighbor_count threshold=0.0768 | 7: leaf actions=[1, 1, -1, -1] | 8: leaf actions=[-1, 1, -1, 1] | 9: leaf actions=[-1, -1, 1, -1] | 10: leaf actions=[0, 1, 0, 0] | 11: leaf actions=[1, 0, 0, 1] | 12: leaf actions=[0, 1, 0, -1] | 13: leaf actions=[1, 0, 0, -1] | 14: leaf actions=[1, 0, 1, -1]"
candidate,17,3,,119.81232573238167,,,,,,,,119.81232573238167,10,10,100,5,100,20260416,9,9,20260416,100,7500,1010,1,1010,-35.0733,-24.776,-203.001,174.688,3.38522,5,17.1309,"0: split feature=speed threshold=3.7339 | 1: split feature=neighbor_count threshold=11.2703 | 2: split feature=neighbor_count threshold=0.9170 | 3: split feature=speed threshold=4.8930 | 4: split feature=mean_neighbor_distance threshold=13.2865 | 5: split feature=speed threshold=1.7591 | 6: split feature=neighbor_count threshold=0.0768 | 7: leaf actions=[1, 1, -1, -1] | 8: leaf actions=[-1, 1, -1, 1] | 9: leaf actions=[0, -1, 1, 0] | 10: leaf actions=[0, 1, 0, -1] | 11: leaf actions=[1, 0, 1, 1] | 12: leaf actions=[0, 1, 1, 1] | 13: leaf actions=[0, 0, 0, -1] | 14: leaf actions=[1, 0, 1, -1]"
candidate,17,4,,119.8123236882517,,,,,,,,119.8123236882517,10,10,100,5,100,20260416,9,9,20260416,100,7500,1010,1,1010,-35.0733,-24.776,-203.001,174.688,3.38522,5,17.1518,"0: split feature=speed threshold=3.7339 | 1: split feature=neighbor_count threshold=11.2703 | 2: split feature=neighbor_count threshold=0.9170 | 3: split feature=speed threshold=4.8930 | 4: split feature=mean_neighbor_distance threshold=13.2865 | 5: split feature=speed threshold=1.7591 | 6: split feature=neighbor_count threshold=0.0768 | 7: leaf actions=[1, 1, -1, -1] | 8: leaf actions=[-1, 1, -1, 1] | 9: leaf actions=[0, -1, 1, 0] | 10: leaf actions=[0, 1, 0, -1] | 11: leaf actions=[1, 0, 1, 1] | 12: leaf actions=[0, 1, 1, 1] | 13: leaf actions=[0, 0, 0, -1] | 14: leaf actions=[1, 0, 1, -1]"
candidate,17,5,,119.81232139349166,,,,,,,,119.81232139349166,10,10,100,5,100,20260416,9,9,20260416,100,7500,1010,1,1010,-35.0733,-24.776,-203.001,174.688,3.38522,5,17.1059,"0: split feature=speed threshold=3.7339 | 1: split feature=neighbor_count threshold=11.2703 | 2: split feature=neighbor_count threshold=0.9170 | 3: split feature=speed threshold=4.8930 | 4: split feature=mean_neighbor_distance threshold=13.2865 | 5: split feature=speed threshold=1.7591 | 6: split feature=neighbor_count threshold=0.0768 | 7: leaf actions=[1, 1, -1, -1] | 8: leaf actions=[-1, 1, -1, 1] | 9: leaf actions=[0, -1, 1, 0] | 10: leaf actions=[0, 1, 0, -1] | 11: leaf actions=[1, 0, 1, 1] | 12: leaf actions=[0, 1, 1, 1] | 13: leaf actions=[0, 0, 0, -1] | 14: leaf actions=[1, 0, 1, -1]"
generation,17,,30,120.53121621934592,113.17185871451707,119.81225201897664,10.29501011847203,84.21121086877001,120.53121621934592,1,"0: split feature=speed threshold=3.7339 | 1: split feature=neighbor_count threshold=12.0000 | 2: split feature=neighbor_count threshold=0.9170 | 3: split feature=nearest_neighbor_distance threshold=7.9005 | 4: split feature=mean_neighbor_distance threshold=40.9957 | 5: split feature=speed threshold=1.7591 | 6: split feature=neighbor_count threshold=0.0768 | 7: leaf actions=[1, 1, -1, -1] | 8: leaf actions=[1, 1, 0, 0] | 9: leaf actions=[0, 1, 0, 0] | 10: leaf actions=[0, 1, 1, -1] | 11: leaf actions=[1, -1, 0, 1] | 12: leaf actions=[-1, 0, 1, 1] | 13: leaf actions=[0, 0, 0, -1] | 14: leaf actions=[1, 0, 1, 1]",120.53121621934592,10,10,100,5,100,20260416,9,9,20260416,100,7500,947.5333333333333,1.0,584,-89.04913916666666,-77.17114437333333,-203.001,169.9962,7.5359468,3.5606306076666665,16.012123666666668,
candidate,18,1,,120.7835485028074,,,,,,,,120.7835485028074,10,10,100,5,100,20260416,9,9,20260416,100,7500,879,1,879,-67.7373,-58.9738,-202.996,174.684,3.10053,4.45153,14.9913,"0: split feature=speed threshold=3.7339 | 1: split feature=neighbor_count threshold=12.0000 | 2: split feature=neighbor_count threshold=0.9170 | 3: split feature=nearest_neighbor_distance threshold=7.9005 | 4: split feature=mean_neighbor_distance threshold=40.9957 | 5: split feature=speed threshold=1.7591 | 6: split feature=neighbor_count threshold=0.0768 | 7: leaf actions=[1, 1, -1, -1] | 8: leaf actions=[1, 1, 0, 0] | 9: leaf actions=[0, 1, 0, 0] | 10: leaf actions=[0, 1, 1, -1] | 11: leaf actions=[1, 0, 1, 1] | 12: leaf actions=[0, 1, 1, 1] | 13: leaf actions=[0, 0, 0, -1] | 14: leaf actions=[1, 0, 1, -1]"
candidate,18,2,,120.53136635953594,,,,,,,,120.53136635953594,10,10,100,5,100,20260416,9,9,20260416,100,7500,584,1,584,-0.113375,-0.0781312,-202.986,174.498,3.27752,4.36653,9.56021,"0: split feature=speed threshold=3.7339 | 1: split feature=neighbor_count threshold=12.0000 | 2: split feature=neighbor_count threshold=0.9170 | 3: split feature=nearest_neighbor_distance threshold=7.9005 | 4: split feature=mean_neighbor_distance threshold=40.9957 | 5: split feature=speed threshold=1.7591 | 6: split feature=neighbor_count threshold=0.0768 | 7: leaf actions=[1, 1, -1, -1] | 8: leaf actions=[1, 1, 0, 0] | 9: leaf actions=[0, 1, 0, 0] | 10: leaf actions=[0, 1, 1, -1] | 11: leaf actions=[1, -1, 0, 1] | 12: leaf actions=[-1, 0, 1, 1] | 13: leaf actions=[0, 0, 0, -1] | 14: leaf actions=[1, 0, 1, 1]"
candidate,18,3,,119.81239685676162,,,,,,,,119.81239685676162,10,10,100,5,100,20260416,9,9,20260416,100,7500,1010,1,1010,-35.0733,-24.776,-203.001,174.688,3.38522,5,16.6765,"0: split feature=speed threshold=3.7339 | 1: split feature=neighbor_count threshold=11.2703 | 2: split feature=speed threshold=2.0109 | 3: split feature=speed threshold=5.0000 | 4: split feature=mean_neighbor_distance threshold=7.4411 | 5: split feature=speed threshold=1.7591 | 6: split feature=neighbor_count threshold=0.0768 | 7: leaf actions=[1, 1, -1, -1] | 8: leaf actions=[-1, 1, -1, 1] | 9: leaf actions=[-1, -1, 1, -1] | 10: leaf actions=[0, 1, 0, 0] | 11: leaf actions=[1, 0, 0, 1] | 12: leaf actions=[0, 1, 0, -1] | 13: leaf actions=[1, 0, 0, -1] | 14: leaf actions=[1, 0, 1, -1]"
candidate,18,4,,119.81239166754162,,,,,,,,119.81239166754162,10,10,100,5,100,20260416,9,9,20260416,100,7500,1010,1,1010,-35.0733,-24.776,-203.001,174.688,3.38522,5,16.4745,"0: split feature=speed threshold=3.7339 | 1: split feature=neighbor_count threshold=11.2703 | 2: split feature=neighbor_count threshold=0.9170 | 3: split feature=speed threshold=4.8930 | 4: split feature=mean_neighbor_distance threshold=13.2865 | 5: split feature=speed threshold=1.7591 | 6: split feature=neighbor_count threshold=0.0768 | 7: leaf actions=[1, 1, -1, -1] | 8: leaf actions=[-1, 1, -1, 1] | 9: leaf actions=[0, -1, 1, 0] | 10: leaf actions=[0, 1, 0, -1] | 11: leaf actions=[1, 0, 1, 1] | 12: leaf actions=[0, 1, 1, 1] | 13: leaf actions=[0, 0, 0, -1] | 14: leaf actions=[1, 0, 1, -1]"
candidate,18,5,,119.81238804537172,,,,,,,,119.81238804537172,10,10,100,5,100,20260416,9,9,20260416,100,7500,1010,1,1010,-35.0733,-24.776,-203.001,174.688,3.38522,5,16.4195,"0: split feature=speed threshold=3.7339 | 1: split feature=neighbor_count threshold=11.2703 | 2: split feature=neighbor_count threshold=0.9170 | 3: split feature=speed threshold=4.8930 | 4: split feature=mean_neighbor_distance threshold=13.2865 | 5: split feature=speed threshold=1.7591 | 6: split feature=neighbor_count threshold=0.0768 | 7: leaf actions=[1, 1, -1, -1] | 8: leaf actions=[-1, 1, -1, 1] | 9: leaf actions=[0, -1, 1, 0] | 10: leaf actions=[0, 1, 0, -1] | 11: leaf actions=[1, 0, 1, 1] | 12: leaf actions=[0, 1, 1, 1] | 13: leaf actions=[0, 0, 0, -1] | 14: leaf actions=[1, 0, 1, -1]"
generation,18,,30,120.7835485028074,111.5915529062447,119.23907246566165,11.551435761198288,76.30349163748998,120.7835485028074,1,"0: split feature=speed threshold=3.7339 | 1: split feature=neighbor_count threshold=12.0000 | 2: split feature=neighbor_count threshold=0.9170 | 3: split feature=nearest_neighbor_distance threshold=7.9005 | 4: split feature=mean_neighbor_distance threshold=40.9957 | 5: split feature=speed threshold=1.7591 | 6: split feature=neighbor_count threshold=0.0768 | 7: leaf actions=[1, 1, -1, -1] | 8: leaf actions=[1, 1, 0, 0] | 9: leaf actions=[0, 1, 0, 0] | 10: leaf actions=[0, 1, 1, -1] | 11: leaf actions=[1, 0, 1, 1] | 12: leaf actions=[0, 1, 1, 1] | 13: leaf actions=[0, 0, 0, -1] | 14: leaf actions=[1, 0, 1, -1]",120.7835485028074,10,10,100,5,100,20260416,9,9,20260416,100,7500,1031.4333333333334,1.0,879,-88.22643751330567,-79.038473450293,-203.001,169.61063333333334,5.156735966666667,3.5260267686666666,17.307028,
candidate,19,1,,120.78365355511744,,,,,,,,120.78365355511744,10,10,100,5,100,20260416,9,9,20260416,100,7500,879,1,879,-67.7373,-58.9738,-202.996,174.684,3.10053,4.45153,14.679,"0: split feature=speed threshold=3.7339 | 1: split feature=neighbor_count threshold=12.0000 | 2: split feature=neighbor_count threshold=0.9170 | 3: split feature=nearest_neighbor_distance threshold=7.9005 | 4: split feature=mean_neighbor_distance threshold=40.9957 | 5: split feature=speed threshold=1.7591 | 6: split feature=neighbor_count threshold=0.0768 | 7: leaf actions=[1, 1, -1, -1] | 8: leaf actions=[1, 1, 0, 0] | 9: leaf actions=[0, 1, 0, 0] | 10: leaf actions=[0, 1, 1, -1] | 11: leaf actions=[1, 0, 1, 1] | 12: leaf actions=[0, 1, 1, 1] | 13: leaf actions=[0, 0, 0, -1] | 14: leaf actions=[1, 0, 1, -1]"
candidate,19,2,,120.78361547375738,,,,,,,,120.78361547375738,10,10,100,5,100,20260416,9,9,20260416,100,7500,879,1,879,-67.7373,-58.9738,-202.996,174.684,3.10053,4.45153,14.8241,"0: split feature=speed threshold=3.7339 | 1: split feature=neighbor_count threshold=12.0000 | 2: split feature=neighbor_count threshold=0.9170 | 3: split feature=nearest_neighbor_distance threshold=7.9005 | 4: split feature=mean_neighbor_distance threshold=40.9957 | 5: split feature=speed threshold=1.7591 | 6: split feature=neighbor_count threshold=0.0768 | 7: leaf actions=[1, 1, -1, -1] | 8: leaf actions=[1, 1, 0, 0] | 9: leaf actions=[0, 1, 0, 0] | 10: leaf actions=[0, 1, 1, -1] | 11: leaf actions=[1, 0, 1, 1] | 12: leaf actions=[0, 1, 1, 1] | 13: leaf actions=[0, 0, 0, -1] | 14: leaf actions=[1, 0, 1, -1]"
candidate,19,3,,120.78360731406741,,,,,,,,120.78360731406741,10,10,100,5,100,20260416,9,9,20260416,100,7500,879,1,879,-67.7373,-58.9738,-202.996,174.684,3.10053,4.45153,14.4507,"0: split feature=speed threshold=3.7339 | 1: split feature=neighbor_count threshold=12.0000 | 2: split feature=neighbor_count threshold=0.9170 | 3: split feature=nearest_neighbor_distance threshold=7.9005 | 4: split feature=mean_neighbor_distance threshold=40.9957 | 5: split feature=speed threshold=1.7591 | 6: split feature=neighbor_count threshold=0.0768 | 7: leaf actions=[1, 1, -1, -1] | 8: leaf actions=[1, 1, 0, 0] | 9: leaf actions=[0, 1, 0, 0] | 10: leaf actions=[0, 1, 1, -1] | 11: leaf actions=[1, 0, 1, 1] | 12: leaf actions=[0, 1, 1, 1] | 13: leaf actions=[0, 0, 0, -1] | 14: leaf actions=[1, 0, 1, -1]"
candidate,19,4,,120.78330950758748,,,,,,,,120.78330950758748,10,10,100,5,100,20260416,9,9,20260416,100,7500,879,1,879,-67.7373,-58.9738,-202.996,174.684,3.10053,4.45153,15.45,"0: split feature=speed threshold=3.7339 | 1: split feature=neighbor_count threshold=12.0000 | 2: split feature=neighbor_count threshold=0.9170 | 3: split feature=nearest_neighbor_distance threshold=7.9005 | 4: split feature=mean_neighbor_distance threshold=40.9957 | 5: split feature=speed threshold=1.7591 | 6: split feature=neighbor_count threshold=0.0768 | 7: leaf actions=[1, 1, -1, -1] | 8: leaf actions=[1, 1, 0, 0] | 9: leaf actions=[0, 1, 0, 0] | 10: leaf actions=[0, 1, 1, -1] | 11: leaf actions=[1, 0, 0, 1] | 12: leaf actions=[0, 1, 0, -1] | 13: leaf actions=[0, 0, 0, -1] | 14: leaf actions=[1, 0, 1, -1]"
candidate,19,5,,120.53137882390587,,,,,,,,120.53137882390587,10,10,100,5,100,20260416,9,9,20260416,100,7500,584,1,584,-0.113375,-0.0781312,-202.986,174.498,3.27752,4.36653,9.64304,"0: split feature=speed threshold=3.7339 | 1: split feature=neighbor_count threshold=12.0000 | 2: split feature=neighbor_count threshold=0.9170 | 3: split feature=nearest_neighbor_distance threshold=7.9005 | 4: split feature=mean_neighbor_distance threshold=40.9957 | 5: split feature=speed threshold=1.7591 | 6: split feature=neighbor_count threshold=0.0768 | 7: leaf actions=[1, 1, -1, -1] | 8: leaf actions=[1, 1, 0, 0] | 9: leaf actions=[0, 1, 0, 0] | 10: leaf actions=[0, 1, 1, -1] | 11: leaf actions=[1, -1, 0, 1] | 12: leaf actions=[-1, 0, 1, 1] | 13: leaf actions=[0, 0, 0, -1] | 14: leaf actions=[1, 0, 1, 1]"
generation,19,,30,120.78365355511744,114.58331827453283,119.81229330419666,9.840042997168073,82.15825672260995,120.78365355511744,1,"0: split feature=speed threshold=3.7339 | 1: split feature=neighbor_count threshold=12.0000 | 2: split feature=neighbor_count threshold=0.9170 | 3: split feature=nearest_neighbor_distance threshold=7.9005 | 4: split feature=mean_neighbor_distance threshold=40.9957 | 5: split feature=speed threshold=1.7591 | 6: split feature=neighbor_count threshold=0.0768 | 7: leaf actions=[1, 1, -1, -1] | 8: leaf actions=[1, 1, 0, 0] | 9: leaf actions=[0, 1, 0, 0] | 10: leaf actions=[0, 1, 1, -1] | 11: leaf actions=[1, 0, 1, 1] | 12: leaf actions=[0, 1, 1, 1] | 13: leaf actions=[0, 0, 0, -1] | 14: leaf actions=[1, 0, 1, -1]",120.78365355511744,10,10,100,5,100,20260416,9,9,20260416,100,7500,1048.3,1.0,879,-85.210475,-75.65029208,-203.001,171.07573333333332,7.372251933333333,3.9067315666666667,17.597036666666668,
candidate,20,1,,120.78367213356749,,,,,,,,120.78367213356749,10,10,100,5,100,20260416,9,9,20260416,100,7500,879,1,879,-67.7373,-58.9738,-202.996,174.684,3.10053,4.45153,14.5186,"0: split feature=speed threshold=3.7339 | 1: split feature=neighbor_count threshold=12.0000 | 2: split feature=neighbor_count threshold=0.9170 | 3: split feature=nearest_neighbor_distance threshold=7.9005 | 4: split feature=mean_neighbor_distance threshold=40.9957 | 5: split feature=speed threshold=1.7591 | 6: split feature=neighbor_count threshold=0.0768 | 7: leaf actions=[1, 1, -1, -1] | 8: leaf actions=[1, 1, 0, 0] | 9: leaf actions=[0, 1, 0, 0] | 10: leaf actions=[0, 1, 1, -1] | 11: leaf actions=[1, 0, 1, 1] | 12: leaf actions=[0, 1, 1, 1] | 13: leaf actions=[0, 0, 0, -1] | 14: leaf actions=[1, 0, 1, -1]"
candidate,20,2,,120.78366653887738,,,,,,,,120.78366653887738,10,10,100,5,100,20260416,9,9,20260416,100,7500,879,1,879,-67.7373,-58.9738,-202.996,174.684,3.10053,4.45153,14.3995,"0: split feature=speed threshold=3.7339 | 1: split feature=neighbor_count threshold=12.0000 | 2: split feature=neighbor_count threshold=0.9170 | 3: split feature=nearest_neighbor_distance threshold=7.9005 | 4: split feature=mean_neighbor_distance threshold=40.9957 | 5: split feature=speed threshold=1.7591 | 6: split feature=neighbor_count threshold=0.0768 | 7: leaf actions=[1, 1, -1, -1] | 8: leaf actions=[1, 1, 0, 0] | 9: leaf actions=[0, 1, 0, 0] | 10: leaf actions=[0, 1, 1, -1] | 11: leaf actions=[1, 0, 0, 1] | 12: leaf actions=[0, 1, 0, -1] | 13: leaf actions=[0, 0, 0, -1] | 14: leaf actions=[1, 0, 1, -1]"
candidate,20,3,,120.78366428859745,,,,,,,,120.78366428859745,10,10,100,5,100,20260416,9,9,20260416,100,7500,879,1,879,-67.7373,-58.9738,-202.996,174.684,3.10053,4.45153,14.4924,"0: split feature=speed threshold=3.7339 | 1: split feature=neighbor_count threshold=12.0000 | 2: split feature=neighbor_count threshold=0.9170 | 3: split feature=nearest_neighbor_distance threshold=7.9005 | 4: split feature=mean_neighbor_distance threshold=40.9957 | 5: split feature=speed threshold=1.7591 | 6: split feature=neighbor_count threshold=0.0768 | 7: leaf actions=[1, 1, -1, -1] | 8: leaf actions=[1, 1, 0, 0] | 9: leaf actions=[0, 1, 0, 0] | 10: leaf actions=[0, 1, 1, -1] | 11: leaf actions=[1, 0, 1, 1] | 12: leaf actions=[0, 1, 1, 1] | 13: leaf actions=[0, 0, 0, -1] | 14: leaf actions=[1, 0, 1, -1]"
candidate,20,4,,120.78366333312746,,,,,,,,120.78366333312746,10,10,100,5,100,20260416,9,9,20260416,100,7500,879,1,879,-67.7373,-58.9738,-202.996,174.684,3.10053,4.45153,14.1699,"0: split feature=speed threshold=3.7339 | 1: split feature=neighbor_count threshold=12.0000 | 2: split feature=neighbor_count threshold=0.9170 | 3: split feature=nearest_neighbor_distance threshold=7.9005 | 4: split feature=mean_neighbor_distance threshold=40.9957 | 5: split feature=speed threshold=1.7591 | 6: split feature=neighbor_count threshold=0.0768 | 7: leaf actions=[1, 1, -1, -1] | 8: leaf actions=[1, 1, 0, 0] | 9: leaf actions=[0, 1, 0, 0] | 10: leaf actions=[0, 1, 1, -1] | 11: leaf actions=[1, 0, 1, 1] | 12: leaf actions=[0, 1, 1, 1] | 13: leaf actions=[0, 0, 0, -1] | 14: leaf actions=[1, 0, 1, -1]"
candidate,20,5,,120.78362396777737,,,,,,,,120.78362396777737,10,10,100,5,100,20260416,9,9,20260416,100,7500,879,1,879,-67.7373,-58.9738,-202.996,174.684,3.10053,4.45153,14.4642,"0: split feature=speed threshold=3.7339 | 1: split feature=neighbor_count threshold=12.0000 | 2: split feature=speed threshold=2.0109 | 3: split feature=nearest_neighbor_distance threshold=7.9005 | 4: split feature=mean_neighbor_distance threshold=40.9957 | 5: split feature=speed threshold=1.7591 | 6: split feature=neighbor_count threshold=0.0768 | 7: leaf actions=[1, 1, -1, -1] | 8: leaf actions=[1, 1, 0, 0] | 9: leaf actions=[0, 1, 0, 0] | 10: leaf actions=[0, 1, 1, -1] | 11: leaf actions=[1, 0, 0, 1] | 12: leaf actions=[0, 1, 0, -1] | 13: leaf actions=[1, 0, 0, -1] | 14: leaf actions=[1, 0, 1, -1]"
generation,20,,30,120.78367213356749,114.44995615077713,119.81235601768165,8.38311484729199,96.96711154529923,120.78367213356749,1,"0: split feature=speed threshold=3.7339 | 1: split feature=neighbor_count threshold=12.0000 | 2: split feature=neighbor_count threshold=0.9170 | 3: split feature=nearest_neighbor_distance threshold=7.9005 | 4: split feature=mean_neighbor_distance threshold=40.9957 | 5: split feature=speed threshold=1.7591 | 6: split feature=neighbor_count threshold=0.0768 | 7: leaf actions=[1, 1, -1, -1] | 8: leaf actions=[1, 1, 0, 0] | 9: leaf actions=[0, 1, 0, 0] | 10: leaf actions=[0, 1, 1, -1] | 11: leaf actions=[1, 0, 1, 1] | 12: leaf actions=[0, 1, 1, 1] | 13: leaf actions=[0, 0, 0, -1] | 14: leaf actions=[1, 0, 1, -1]",120.78367213356749,10,10,100,5,100,20260416,9,9,20260416,100,7500,981.7666666666667,1.0,879,-102.46562779530001,-95.65942106843333,-203.001,173.33163333333334,4.382033233333333,3.6478877,16.089252,
candidate,21,1,,124.67378084126554,,,,,,,,124.67378084126554,10,10,100,5,100,20260416,9,9,20260416,100,7500,955,1,955,-164.911,-153.457,-203,174.667,3.08816,3.96124,16.8185,"0: split feature=speed threshold=3.7339 | 1: split feature=neighbor_count threshold=12.0000 | 2: split feature=neighbor_count threshold=0.9170 | 3: split feature=nearest_neighbor_distance threshold=7.9005 | 4: split feature=mean_neighbor_distance threshold=40.9957 | 5: split feature=speed threshold=1.9960 | 6: split feature=neighbor_count threshold=0.0768 | 7: leaf actions=[0, 1, -1, -1] | 8: leaf actions=[1, 1, 0, -1] | 9: leaf actions=[0, 1, 0, 1] | 10: leaf actions=[0, 1, 1, -1] | 11: leaf actions=[1, 1, 1, 1] | 12: leaf actions=[0, -1, 1, 1] | 13: leaf actions=[1, 1, 0, -1] | 14: leaf actions=[1, 0, 1, -1]"
candidate,21,2,,120.78362829582744,,,,,,,,120.78362829582744,10,10,100,5,100,20260416,9,9,20260416,100,7500,879,1,879,-67.7373,-58.9738,-202.996,174.684,3.10053,4.45153,13.3646,"0: split feature=speed threshold=3.7339 | 1: split feature=neighbor_count threshold=12.0000 | 2: split feature=neighbor_count threshold=0.9170 | 3: split feature=nearest_neighbor_distance threshold=7.9005 | 4: split feature=mean_neighbor_distance threshold=40.9957 | 5: split feature=speed threshold=1.7591 | 6: split feature=neighbor_count threshold=0.0768 | 7: leaf actions=[1, 1, -1, -1] | 8: leaf actions=[1, 1, 0, 0] | 9: leaf actions=[0, 1, 0, 0] | 10: leaf actions=[0, 1, 1, -1] | 11: leaf actions=[1, 0, 0, 1] | 12: leaf actions=[0, 1, 0, -1] | 13: leaf actions=[0, 0, 0, -1] | 14: leaf actions=[1, 0, 1, -1]"
candidate,21,3,,120.7836259273774,,,,,,,,120.7836259273774,10,10,100,5,100,20260416,9,9,20260416,100,7500,879,1,879,-67.7373,-58.9738,-202.996,174.684,3.10053,4.45153,15.4142,"0: split feature=speed threshold=3.7339 | 1: split feature=neighbor_count threshold=12.0000 | 2: split feature=neighbor_count threshold=0.9170 | 3: split feature=nearest_neighbor_distance threshold=7.9005 | 4: split feature=mean_neighbor_distance threshold=40.9957 | 5: split feature=speed threshold=1.7591 | 6: split feature=neighbor_count threshold=0.0768 | 7: leaf actions=[1, 1, -1, -1] | 8: leaf actions=[1, 1, 0, 0] | 9: leaf actions=[0, 1, 0, 0] | 10: leaf actions=[0, 1, 1, -1] | 11: leaf actions=[1, 0, 0, 1] | 12: leaf actions=[0, 1, 0, -1] | 13: leaf actions=[0, 0, 0, -1] | 14: leaf actions=[1, 0, 1, -1]"
candidate,21,4,,120.78362541607743,,,,,,,,120.78362541607743,10,10,100,5,100,20260416,9,9,20260416,100,7500,879,1,879,-67.7373,-58.9738,-202.996,174.684,3.10053,4.45153,15.382,"0: split feature=speed threshold=3.7339 | 1: split feature=neighbor_count threshold=12.0000 | 2: split feature=neighbor_count threshold=0.9170 | 3: split feature=nearest_neighbor_distance threshold=7.9005 | 4: split feature=mean_neighbor_distance threshold=40.9957 | 5: split feature=speed threshold=1.7591 | 6: split feature=neighbor_count threshold=0.0768 | 7: leaf actions=[1, 1, -1, -1] | 8: leaf actions=[1, 1, 0, 0] | 9: leaf actions=[0, 1, 0, 0] | 10: leaf actions=[0, 1, 1, -1] | 11: leaf actions=[1, 0, 1, 1] | 12: leaf actions=[0, 1, 1, 1] | 13: leaf actions=[0, 0, 0, -1] | 14: leaf actions=[1, 0, 1, -1]"
candidate,21,5,,120.78362326936745,,,,,,,,120.78362326936745,10,10,100,5,100,20260416,9,9,20260416,100,7500,879,1,879,-67.7373,-58.9738,-202.996,174.684,3.10053,4.45153,15.4423,"0: split feature=speed threshold=3.7339 | 1: split feature=neighbor_count threshold=12.0000 | 2: split feature=neighbor_count threshold=0.9170 | 3: split feature=nearest_neighbor_distance threshold=7.9005 | 4: split feature=mean_neighbor_distance threshold=40.9957 | 5: split feature=speed threshold=1.7591 | 6: split feature=neighbor_count threshold=0.0768 | 7: leaf actions=[1, 1, -1, -1] | 8: leaf actions=[1, 1, 0, 0] | 9: leaf actions=[0, 1, 0, 0] | 10: leaf actions=[0, 1, 1, -1] | 11: leaf actions=[1, 0, 1, 1] | 12: leaf actions=[0, 1, 1, 1] | 13: leaf actions=[0, 0, 0, -1] | 14: leaf actions=[1, 0, 1, -1]"
generation,21,,30,124.67378084126554,118.64597165740672,120.78347697535241,5.231164945849447,102.04140954573002,124.67378084126554,1,"0: split feature=speed threshold=3.7339 | 1: split feature=neighbor_count threshold=12.0000 | 2: split feature=neighbor_count threshold=0.9170 | 3: split feature=nearest_neighbor_distance threshold=7.9005 | 4: split feature=mean_neighbor_distance threshold=40.9957 | 5: split feature=speed threshold=1.9960 | 6: split feature=neighbor_count threshold=0.0768 | 7: leaf actions=[0, 1, -1, -1] | 8: leaf actions=[1, 1, 0, -1] | 9: leaf actions=[0, 1, 0, 1] | 10: leaf actions=[0, 1, 1, -1] | 11: leaf actions=[1, 1, 1, 1] | 12: leaf actions=[0, -1, 1, 1] | 13: leaf actions=[1, 1, 0, -1] | 14: leaf actions=[1, 0, 1, -1]",124.67378084126554,10,10,100,5,100,20260416,9,9,20260416,100,7500,848.1666666666666,1.0,955,-70.10575250000001,-61.63073853333333,-203.001,174.3138,3.6534176666666665,4.2637323333333335,14.664453,
candidate,22,1,,124.67384861438552,,,,,,,,124.67384861438552,10,10,100,5,100,20260416,9,9,20260416,100,7500,955,1,955,-164.911,-153.457,-203,174.667,3.08816,3.96124,16.7542,"0: split feature=speed threshold=3.7339 | 1: split feature=neighbor_count threshold=12.0000 | 2: split feature=neighbor_count threshold=0.9170 | 3: split feature=nearest_neighbor_distance threshold=7.9005 | 4: split feature=mean_neighbor_distance threshold=40.9957 | 5: split feature=speed threshold=1.9960 | 6: split feature=neighbor_count threshold=0.0768 | 7: leaf actions=[0, 1, -1, -1] | 8: leaf actions=[1, 1, 0, -1] | 9: leaf actions=[0, 1, 0, 1] | 10: leaf actions=[0, 1, 1, -1] | 11: leaf actions=[1, 1, 1, 1] | 12: leaf actions=[0, -1, 1, 1] | 13: leaf actions=[1, 1, 0, -1] | 14: leaf actions=[1, 0, 1, -1]"
candidate,22,2,,124.67380140981557,,,,,,,,124.67380140981557,10,10,100,5,100,20260416,9,9,20260416,100,7500,955,1,955,-164.911,-153.457,-203,174.667,3.08816,3.96124,15.9611,"0: split feature=speed threshold=3.7339 | 1: split feature=neighbor_count threshold=12.0000 | 2: split feature=neighbor_count threshold=0.9170 | 3: split feature=nearest_neighbor_distance threshold=7.9005 | 4: split feature=mean_neighbor_distance threshold=40.9957 | 5: split feature=speed threshold=1.9960 | 6: split feature=neighbor_count threshold=0.0768 | 7: leaf actions=[0, 1, -1, -1] | 8: leaf actions=[1, 1, 0, -1] | 9: leaf actions=[0, 1, 0, 1] | 10: leaf actions=[0, 1, 1, -1] | 11: leaf actions=[1, 1, 1, 1] | 12: leaf actions=[0, -1, 1, 1] | 13: leaf actions=[0, 0, 0, -1] | 14: leaf actions=[1, 0, 1, -1]"
candidate,22,3,,121.39342948278005,,,,,,,,121.39342948278005,10,10,100,5,100,20260416,9,9,20260416,100,7500,1617,1,1617,-200.965,-197.839,-202.999,174.675,3.35872,3.35128,28.2737,"0: split feature=speed threshold=2.6813 | 1: split feature=neighbor_count threshold=12.0000 | 2: split feature=neighbor_count threshold=0.9170 | 3: split feature=nearest_neighbor_distance threshold=7.9005 | 4: split feature=mean_neighbor_distance threshold=40.9957 | 5: split feature=speed threshold=2.0087 | 6: split feature=neighbor_count threshold=0.0768 | 7: leaf actions=[0, 1, -1, -1] | 8: leaf actions=[1, 1, 0, 0] | 9: leaf actions=[0, 1, 0, 0] | 10: leaf actions=[0, 1, 1, -1] | 11: leaf actions=[0, 0, -1, 1] | 12: leaf actions=[0, 1, 1, 1] | 13: leaf actions=[0, 0, 0, 1] | 14: leaf actions=[1, 0, 1, 1]"
candidate,22,4,,120.78370118304743,,,,,,,,120.78370118304743,10,10,100,5,100,20260416,9,9,20260416,100,7500,879,1,879,-67.7373,-58.9738,-202.996,174.684,3.10053,4.45153,11.8301,"0: split feature=speed threshold=3.7339 | 1: split feature=neighbor_count threshold=12.0000 | 2: split feature=neighbor_count threshold=0.9170 | 3: split feature=nearest_neighbor_distance threshold=7.9005 | 4: split feature=mean_neighbor_distance threshold=40.9957 | 5: split feature=speed threshold=1.7591 | 6: split feature=neighbor_count threshold=0.0768 | 7: leaf actions=[1, 1, -1, -1] | 8: leaf actions=[1, 1, 0, 0] | 9: leaf actions=[0, 1, 0, 0] | 10: leaf actions=[0, 1, 1, -1] | 11: leaf actions=[1, 0, 1, 1] | 12: leaf actions=[0, 1, 1, 1] | 13: leaf actions=[1, 0, 0, -1] | 14: leaf actions=[1, 0, 1, -1]"
candidate,22,5,,120.78360000731743,,,,,,,,120.78360000731743,10,10,100,5,100,20260416,9,9,20260416,100,7500,879,1,879,-67.7373,-58.9738,-202.996,174.684,3.10053,4.45153,15.4349,"0: split feature=speed threshold=3.7339 | 1: split feature=neighbor_count threshold=12.0000 | 2: split feature=neighbor_count threshold=0.9170 | 3: split feature=nearest_neighbor_distance threshold=7.9005 | 4: split feature=mean_neighbor_distance threshold=40.9957 | 5: split feature=speed threshold=1.7591 | 6: split feature=neighbor_count threshold=0.0768 | 7: leaf actions=[1, 1, -1, -1] | 8: leaf actions=[1, 1, 0, 0] | 9: leaf actions=[0, 1, 0, 0] | 10: leaf actions=[0, 1, 1, -1] | 11: leaf actions=[1, 0, 0, 1] | 12: leaf actions=[0, 1, 0, -1] | 13: leaf actions=[0, 0, 0, -1] | 14: leaf actions=[1, 0, 1, -1]"
generation,22,,30,124.67384861438552,114.63596219390985,120.78353907223243,9.434556031962288,93.27150771024998,124.67384861438552,1,"0: split feature=speed threshold=3.7339 | 1: split feature=neighbor_count threshold=12.0000 | 2: split feature=neighbor_count threshold=0.9170 | 3: split feature=nearest_neighbor_distance threshold=7.9005 | 4: split feature=mean_neighbor_distance threshold=40.9957 | 5: split feature=speed threshold=1.9960 | 6: split feature=neighbor_count threshold=0.0768 | 7: leaf actions=[0, 1, -1, -1] | 8: leaf actions=[1, 1, 0, -1] | 9: leaf actions=[0, 1, 0, 1] | 10: leaf actions=[0, 1, 1, -1] | 11: leaf actions=[1, 1, 1, 1] | 12: leaf actions=[0, -1, 1, 1] | 13: leaf actions=[1, 1, 0, -1] | 14: leaf actions=[1, 0, 1, -1]",124.67384861438552,10,10,100,5,100,20260416,9,9,20260416,100,7500,950.3333333333334,1.0,955,-108.11405691903333,-99.8291877568,-203.001,171.10056666666668,6.0691456666666665,3.5712798,16.460739,
candidate,23,1,,124.67388914904558,,,,,,,,124.67388914904558,10,10,100,5,100,20260416,9,9,20260416,100,7500,955,1,955,-164.911,-153.457,-203,174.667,3.08816,3.96124,15.9069,"0: split feature=speed threshold=3.7339 | 1: split feature=neighbor_count threshold=12.0000 | 2: split feature=neighbor_count threshold=0.9170 | 3: split feature=nearest_neighbor_distance threshold=7.9005 | 4: split feature=mean_neighbor_distance threshold=40.9957 | 5: split feature=speed threshold=1.9960 | 6: split feature=neighbor_count threshold=0.0768 | 7: leaf actions=[0, 1, -1, -1] | 8: leaf actions=[1, 1, 0, -1] | 9: leaf actions=[0, 1, 0, 1] | 10: leaf actions=[0, 1, 1, -1] | 11: leaf actions=[1, 1, 1, 1] | 12: leaf actions=[0, -1, 1, 1] | 13: leaf actions=[1, 1, 0, -1] | 14: leaf actions=[1, 0, 1, -1]"
candidate,23,2,,124.67388611355557,,,,,,,,124.67388611355557,10,10,100,5,100,20260416,9,9,20260416,100,7500,955,1,955,-164.911,-153.457,-203,174.667,3.08816,3.96124,16.0393,"0: split feature=speed threshold=3.7339 | 1: split feature=neighbor_count threshold=12.0000 | 2: split feature=neighbor_count threshold=0.9170 | 3: split feature=nearest_neighbor_distance threshold=7.9005 | 4: split feature=mean_neighbor_distance threshold=40.9957 | 5: split feature=speed threshold=1.9960 | 6: split feature=neighbor_count threshold=0.0768 | 7: leaf actions=[0, 1, -1, -1] | 8: leaf actions=[1, 1, 0, -1] | 9: leaf actions=[0, 1, 0, 1] | 10: leaf actions=[0, 1, 1, -1] | 11: leaf actions=[1, 1, 1, 1] | 12: leaf actions=[0, -1, 1, 1] | 13: leaf actions=[0, 0, 0, -1] | 14: leaf actions=[1, 0, 1, -1]"
candidate,23,3,,124.6738314109355,,,,,,,,124.6738314109355,10,10,100,5,100,20260416,9,9,20260416,100,7500,955,1,955,-164.911,-153.457,-203,174.667,3.08816,3.96124,16.8095,"0: split feature=speed threshold=3.7339 | 1: split feature=neighbor_count threshold=12.0000 | 2: split feature=neighbor_count threshold=0.9170 | 3: split feature=nearest_neighbor_distance threshold=7.9005 | 4: split feature=mean_neighbor_distance threshold=40.9957 | 5: split feature=speed threshold=1.9960 | 6: split feature=neighbor_count threshold=0.0768 | 7: leaf actions=[0, 1, -1, -1] | 8: leaf actions=[1, 1, 0, -1] | 9: leaf actions=[0, 1, 0, 1] | 10: leaf actions=[0, 1, 1, -1] | 11: leaf actions=[1, 1, 1, 1] | 12: leaf actions=[0, -1, 1, 1] | 13: leaf actions=[0, 0, 0, -1] | 14: leaf actions=[1, 0, 1, -1]"
candidate,23,4,,121.39352951208002,,,,,,,,121.39352951208002,10,10,100,5,100,20260416,9,9,20260416,100,7500,1617,1,1617,-200.965,-197.839,-202.999,174.675,3.35872,3.35128,26.8373,"0: split feature=speed threshold=2.6813 | 1: split feature=neighbor_count threshold=12.0000 | 2: split feature=neighbor_count threshold=0.9170 | 3: split feature=nearest_neighbor_distance threshold=7.9005 | 4: split feature=mean_neighbor_distance threshold=40.9957 | 5: split feature=speed threshold=2.0087 | 6: split feature=neighbor_count threshold=0.0768 | 7: leaf actions=[0, 1, -1, -1] | 8: leaf actions=[1, 1, 0, 0] | 9: leaf actions=[0, 1, 0, 0] | 10: leaf actions=[0, 1, 1, -1] | 11: leaf actions=[0, 0, -1, 1] | 12: leaf actions=[0, 1, 1, 1] | 13: leaf actions=[0, 0, 0, 1] | 14: leaf actions=[1, 0, 1, 1]"
candidate,23,5,,121.39336339617998,,,,,,,,121.39336339617998,10,10,100,5,100,20260416,9,9,20260416,100,7500,1617,1,1617,-200.965,-197.839,-202.999,174.675,3.35872,3.35128,30.4458,"0: split feature=speed threshold=2.6813 | 1: split feature=neighbor_count threshold=12.0000 | 2: split feature=neighbor_count threshold=0.9170 | 3: split feature=nearest_neighbor_distance threshold=7.9005 | 4: split feature=mean_neighbor_distance threshold=13.2865 | 5: split feature=speed threshold=2.0087 | 6: split feature=neighbor_count threshold=0.0768 | 7: leaf actions=[0, 1, -1, -1] | 8: leaf actions=[1, 1, 0, 0] | 9: leaf actions=[0, 1, 1, 0] | 10: leaf actions=[0, -1, 0, 0] | 11: leaf actions=[0, 0, -1, 1] | 12: leaf actions=[0, 1, 1, 1] | 13: leaf actions=[0, 0, 0, 1] | 14: leaf actions=[1, 0, 1, 1]"
generation,23,,30,124.67388914904558,111.94284990406017,120.27801674171053,12.482008628901056,84.03009261428001,124.67388914904558,1,"0: split feature=speed threshold=3.7339 | 1: split feature=neighbor_count threshold=12.0000 | 2: split feature=neighbor_count threshold=0.9170 | 3: split feature=nearest_neighbor_distance threshold=7.9005 | 4: split feature=mean_neighbor_distance threshold=40.9957 | 5: split feature=speed threshold=1.9960 | 6: split feature=neighbor_count threshold=0.0768 | 7: leaf actions=[0, 1, -1, -1] | 8: leaf actions=[1, 1, 0, -1] | 9: leaf actions=[0, 1, 0, 1] | 10: leaf actions=[0, 1, 1, -1] | 11: leaf actions=[1, 1, 1, 1] | 12: leaf actions=[0, -1, 1, 1] | 13: leaf actions=[1, 1, 0, -1] | 14: leaf actions=[1, 0, 1, -1]",124.67388914904558,10,10,100,5,100,20260416,9,9,20260416,100,7500,1112.0666666666666,1.0,955,-136.77399945162,-126.83671685673433,-203.001,168.71016666666668,8.972942,3.5104437666666666,20.99228,
candidate,24,1,,124.67386394481555,,,,,,,,124.67386394481555,10,10,100,5,100,20260416,9,9,20260416,100,7500,955,1,955,-164.911,-153.457,-203,174.667,3.08816,3.96124,16.0811,"0: split feature=speed threshold=3.7339 | 1: split feature=neighbor_count threshold=12.0000 | 2: split feature=neighbor_count threshold=0.9170 | 3: split feature=nearest_neighbor_distance threshold=7.9005 | 4: split feature=mean_neighbor_distance threshold=40.9957 | 5: split feature=speed threshold=1.9960 | 6: split feature=neighbor_count threshold=0.0768 | 7: leaf actions=[0, 1, -1, -1] | 8: leaf actions=[1, 1, 0, -1] | 9: leaf actions=[0, 1, 0, 1] | 10: leaf actions=[0, 1, 1, -1] | 11: leaf actions=[1, 1, 1, 1] | 12: leaf actions=[0, -1, 1, 1] | 13: leaf actions=[0, 0, 0, -1] | 14: leaf actions=[1, 0, 1, -1]"
candidate,24,2,,124.67385919074559,,,,,,,,124.67385919074559,10,10,100,5,100,20260416,9,9,20260416,100,7500,955,1,955,-164.911,-153.457,-203,174.667,3.08816,3.96124,16.1002,"0: split feature=speed threshold=3.7339 | 1: split feature=neighbor_count threshold=12.0000 | 2: split feature=neighbor_count threshold=0.9170 | 3: split feature=nearest_neighbor_distance threshold=7.9005 | 4: split feature=mean_neighbor_distance threshold=40.9957 | 5: split feature=speed threshold=1.9960 | 6: split feature=neighbor_count threshold=0.0768 | 7: leaf actions=[0, 1, -1, -1] | 8: leaf actions=[1, 1, 0, -1] | 9: leaf actions=[0, 1, 0, 1] | 10: leaf actions=[0, 1, 1, -1] | 11: leaf actions=[1, 1, 1, 1] | 12: leaf actions=[0, -1, 1, 1] | 13: leaf actions=[0, 0, 0, -1] | 14: leaf actions=[1, 0, 1, -1]"
candidate,24,3,,124.67385875083556,,,,,,,,124.67385875083556,10,10,100,5,100,20260416,9,9,20260416,100,7500,955,1,955,-164.911,-153.457,-203,174.667,3.08816,3.96124,16.4363,"0: split feature=speed threshold=3.7339 | 1: split feature=neighbor_count threshold=12.0000 | 2: split feature=neighbor_count threshold=0.9170 | 3: split feature=nearest_neighbor_distance threshold=7.9005 | 4: split feature=mean_neighbor_distance threshold=40.9957 | 5: split feature=speed threshold=1.9960 | 6: split feature=neighbor_count threshold=0.0768 | 7: leaf actions=[0, 1, -1, -1] | 8: leaf actions=[1, 1, 0, -1] | 9: leaf actions=[0, 1, 0, 1] | 10: leaf actions=[0, 1, 1, -1] | 11: leaf actions=[1, 1, 1, 1] | 12: leaf actions=[0, -1, 1, 1] | 13: leaf actions=[1, 1, 0, -1] | 14: leaf actions=[1, 0, 1, -1]"
candidate,24,4,,124.67377345460557,,,,,,,,124.67377345460557,10,10,100,5,100,20260416,9,9,20260416,100,7500,955,1,955,-164.911,-153.457,-203,174.667,3.08816,3.96124,17.04,"0: split feature=speed threshold=3.7339 | 1: split feature=neighbor_count threshold=12.0000 | 2: split feature=neighbor_count threshold=0.9170 | 3: split feature=nearest_neighbor_distance threshold=7.9005 | 4: split feature=mean_neighbor_distance threshold=40.9957 | 5: split feature=speed threshold=1.7591 | 6: split feature=neighbor_count threshold=0.0768 | 7: leaf actions=[0, 1, -1, -1] | 8: leaf actions=[1, 1, 0, -1] | 9: leaf actions=[0, 1, 0, 1] | 10: leaf actions=[0, 1, 1, -1] | 11: leaf actions=[1, 0, 0, 1] | 12: leaf actions=[0, 1, 0, -1] | 13: leaf actions=[0, 0, 0, -1] | 14: leaf actions=[1, 0, 1, -1]"
candidate,24,5,,124.67377104968554,,,,,,,,124.67377104968554,10,10,100,5,100,20260416,9,9,20260416,100,7500,955,1,955,-164.911,-153.457,-203,174.667,3.08816,3.96124,17.107,"0: split feature=speed threshold=3.7339 | 1: split feature=neighbor_count threshold=12.0000 | 2: split feature=neighbor_count threshold=0.9170 | 3: split feature=nearest_neighbor_distance threshold=7.9005 | 4: split feature=mean_neighbor_distance threshold=40.9957 | 5: split feature=speed threshold=1.9960 | 6: split feature=neighbor_count threshold=0.0768 | 7: leaf actions=[0, 1, -1, -1] | 8: leaf actions=[1, 1, 0, -1] | 9: leaf actions=[0, 1, 0, 1] | 10: leaf actions=[0, 1, 1, -1] | 11: leaf actions=[1, 1, 1, 1] | 12: leaf actions=[0, -1, 1, 1] | 13: leaf actions=[1, 1, 0, -1] | 14: leaf actions=[1, 0, 1, -1]"
generation,24,,30,124.67386394481555,113.96003728948956,119.89211695125297,11.387725709610871,87.86079511133131,124.67386394481555,1,"0: split feature=speed threshold=3.7339 | 1: split feature=neighbor_count threshold=12.0000 | 2: split feature=neighbor_count threshold=0.9170 | 3: split feature=nearest_neighbor_distance threshold=7.9005 | 4: split feature=mean_neighbor_distance threshold=40.9957 | 5: split feature=speed threshold=1.9960 | 6: split feature=neighbor_count threshold=0.0768 | 7: leaf actions=[0, 1, -1, -1] | 8: leaf actions=[1, 1, 0, -1] | 9: leaf actions=[0, 1, 0, 1] | 10: leaf actions=[0, 1, 1, -1] | 11: leaf actions=[1, 1, 1, 1] | 12: leaf actions=[0, -1, 1, 1] | 13: leaf actions=[0, 0, 0, -1] | 14: leaf actions=[1, 0, 1, -1]",124.67386394481555,10,10,100,5,100,20260416,9,9,20260416,100,7500,954.2,1.0,955,-126.25401445636334,-114.52802326303,-203.001,167.19826666666665,5.413719333333333,3.4161483,16.547690333333332,
candidate,25,1,,124.67380995254558,,,,,,,,124.67380995254558,10,10,100,5,100,20260416,9,9,20260416,100,7500,955,1,955,-164.911,-153.457,-203,174.667,3.08816,3.96124,16.9171,"0: split feature=speed threshold=3.7339 | 1: split feature=neighbor_count threshold=12.0000 | 2: split feature=neighbor_count threshold=0.9170 | 3: split feature=nearest_neighbor_distance threshold=7.9005 | 4: split feature=mean_neighbor_distance threshold=40.9957 | 5: split feature=speed threshold=1.9960 | 6: split feature=neighbor_count threshold=0.0768 | 7: leaf actions=[0, 1, -1, -1] | 8: leaf actions=[1, 1, 0, -1] | 9: leaf actions=[0, 1, 0, 1] | 10: leaf actions=[0, 1, 1, -1] | 11: leaf actions=[1, 1, 1, 1] | 12: leaf actions=[0, -1, 1, 1] | 13: leaf actions=[0, 0, 0, -1] | 14: leaf actions=[1, 0, 1, -1]"
candidate,25,2,,124.67380297913559,,,,,,,,124.67380297913559,10,10,100,5,100,20260416,9,9,20260416,100,7500,955,1,955,-164.911,-153.457,-203,174.667,3.08816,3.96124,16.7212,"0: split feature=speed threshold=3.7339 | 1: split feature=neighbor_count threshold=12.0000 | 2: split feature=neighbor_count threshold=0.9170 | 3: split feature=nearest_neighbor_distance threshold=7.9005 | 4: split feature=mean_neighbor_distance threshold=40.9957 | 5: split feature=speed threshold=1.9960 | 6: split feature=neighbor_count threshold=0.0768 | 7: leaf actions=[0, 1, -1, -1] | 8: leaf actions=[1, 1, 0, -1] | 9: leaf actions=[0, 1, 0, 1] | 10: leaf actions=[0, 1, 1, -1] | 11: leaf actions=[1, 1, 1, 1] | 12: leaf actions=[0, -1, 1, 1] | 13: leaf actions=[1, 1, 0, -1] | 14: leaf actions=[1, 0, 1, -1]"
candidate,25,3,,124.6737960624856,,,,,,,,124.6737960624856,10,10,100,5,100,20260416,9,9,20260416,100,7500,955,1,955,-164.911,-153.457,-203,174.667,3.08816,3.96124,16.7166,"0: split feature=speed threshold=3.7339 | 1: split feature=neighbor_count threshold=12.0000 | 2: split feature=neighbor_count threshold=0.9170 | 3: split feature=nearest_neighbor_distance threshold=7.9005 | 4: split feature=mean_neighbor_distance threshold=40.9957 | 5: split feature=speed threshold=1.9960 | 6: split feature=neighbor_count threshold=0.0768 | 7: leaf actions=[0, 1, -1, -1] | 8: leaf actions=[1, 1, 0, -1] | 9: leaf actions=[0, 1, 0, 1] | 10: leaf actions=[0, 1, 1, -1] | 11: leaf actions=[1, 1, 1, 1] | 12: leaf actions=[0, -1, 1, 1] | 13: leaf actions=[0, 0, 0, -1] | 14: leaf actions=[1, 0, 1, -1]"
candidate,25,4,,124.67379521101554,,,,,,,,124.67379521101554,10,10,100,5,100,20260416,9,9,20260416,100,7500,955,1,955,-164.911,-153.457,-203,174.667,3.08816,3.96124,16.8182,"0: split feature=speed threshold=3.7339 | 1: split feature=neighbor_count threshold=12.0000 | 2: split feature=neighbor_count threshold=0.9170 | 3: split feature=nearest_neighbor_distance threshold=7.9005 | 4: split feature=mean_neighbor_distance threshold=40.9957 | 5: split feature=speed threshold=1.7591 | 6: split feature=neighbor_count threshold=0.0768 | 7: leaf actions=[0, 1, -1, -1] | 8: leaf actions=[1, 1, 0, -1] | 9: leaf actions=[0, 1, 0, 1] | 10: leaf actions=[0, 1, 1, -1] | 11: leaf actions=[1, 0, 0, 1] | 12: leaf actions=[0, 1, 0, -1] | 13: leaf actions=[0, 0, 0, -1] | 14: leaf actions=[1, 0, 1, -1]"
candidate,25,5,,124.67378266242557,,,,,,,,124.67378266242557,10,10,100,5,100,20260416,9,9,20260416,100,7500,955,1,955,-164.911,-153.457,-203,174.667,3.08816,3.96124,16.7106,"0: split feature=speed threshold=3.7339 | 1: split feature=neighbor_count threshold=12.0000 | 2: split feature=neighbor_count threshold=0.9170 | 3: split feature=nearest_neighbor_distance threshold=7.9005 | 4: split feature=mean_neighbor_distance threshold=40.9957 | 5: split feature=speed threshold=1.9960 | 6: split feature=neighbor_count threshold=0.0768 | 7: leaf actions=[0, 1, -1, -1] | 8: leaf actions=[1, 1, 0, -1] | 9: leaf actions=[0, 1, 0, 1] | 10: leaf actions=[0, 1, 1, -1] | 11: leaf actions=[1, 1, 1, 1] | 12: leaf actions=[0, -1, 1, 1] | 13: leaf actions=[0, 0, 0, -1] | 14: leaf actions=[1, 0, 1, -1]"
generation,25,,30,124.67380995254558,116.43078029280014,123.03341252338282,10.942088059994202,94.47103641409996,124.67380995254558,1,"0: split feature=speed threshold=3.7339 | 1: split feature=neighbor_count threshold=12.0000 | 2: split feature=neighbor_count threshold=0.9170 | 3: split feature=nearest_neighbor_distance threshold=7.9005 | 4: split feature=mean_neighbor_distance threshold=40.9957 | 5: split feature=speed threshold=1.9960 | 6: split feature=neighbor_count threshold=0.0768 | 7: leaf actions=[0, 1, -1, -1] | 8: leaf actions=[1, 1, 0, -1] | 9: leaf actions=[0, 1, 0, 1] | 10: leaf actions=[0, 1, 1, -1] | 11: leaf actions=[1, 1, 1, 1] | 12: leaf actions=[0, -1, 1, 1] | 13: leaf actions=[0, 0, 0, -1] | 14: leaf actions=[1, 0, 1, -1]",124.67380995254558,10,10,100,5,100,20260416,9,9,20260416,100,7500,1003.7,1.0,955,-145.628274086418,-134.87389543173333,-203.001,172.286,5.7298643333333334,3.6373641333333335,17.800137,
candidate,26,1,,124.67375589769551,,,,,,,,124.67375589769551,10,10,100,5,100,20260416,9,9,20260416,100,7500,955,1,955,-164.911,-153.457,-203,174.667,3.08816,3.96124,16.7503,"0: split feature=speed threshold=3.7339 | 1: split feature=neighbor_count threshold=12.0000 | 2: split feature=neighbor_count threshold=0.9170 | 3: split feature=nearest_neighbor_distance threshold=7.9005 | 4: split feature=mean_neighbor_distance threshold=40.9957 | 5: split feature=speed threshold=1.9960 | 6: split feature=neighbor_count threshold=0.0768 | 7: leaf actions=[0, 1, -1, -1] | 8: leaf actions=[1, 1, 0, -1] | 9: leaf actions=[0, 1, 0, 1] | 10: leaf actions=[0, 1, 1, -1] | 11: leaf actions=[1, 1, 1, 1] | 12: leaf actions=[0, -1, 1, 1] | 13: leaf actions=[0, 0, 0, -1] | 14: leaf actions=[1, 0, 1, -1]"
candidate,26,2,,124.67374922026558,,,,,,,,124.67374922026558,10,10,100,5,100,20260416,9,9,20260416,100,7500,955,1,955,-164.911,-153.457,-203,174.667,3.08816,3.96124,16.7394,"0: split feature=speed threshold=3.7339 | 1: split feature=neighbor_count threshold=12.0000 | 2: split feature=neighbor_count threshold=0.9170 | 3: split feature=nearest_neighbor_distance threshold=7.9005 | 4: split feature=mean_neighbor_distance threshold=40.9957 | 5: split feature=speed threshold=1.9960 | 6: split feature=neighbor_count threshold=0.0768 | 7: leaf actions=[0, 1, -1, -1] | 8: leaf actions=[1, 1, 0, -1] | 9: leaf actions=[0, 1, 0, 1] | 10: leaf actions=[0, 1, 1, -1] | 11: leaf actions=[1, 1, 1, 1] | 12: leaf actions=[0, -1, 1, 1] | 13: leaf actions=[0, 0, 0, -1] | 14: leaf actions=[1, 0, 1, -1]"
candidate,26,3,,124.6737431626056,,,,,,,,124.6737431626056,10,10,100,5,100,20260416,9,9,20260416,100,7500,955,1,955,-164.911,-153.457,-203,174.667,3.08816,3.96124,16.7408,"0: split feature=speed threshold=3.7339 | 1: split feature=neighbor_count threshold=12.0000 | 2: split feature=neighbor_count threshold=0.9170 | 3: split feature=nearest_neighbor_distance threshold=7.9005 | 4: split feature=mean_neighbor_distance threshold=40.9957 | 5: split feature=speed threshold=1.9960 | 6: split feature=neighbor_count threshold=0.0768 | 7: leaf actions=[0, 1, -1, -1] | 8: leaf actions=[1, 1, 0, -1] | 9: leaf actions=[0, 1, 0, 1] | 10: leaf actions=[0, 1, 1, -1] | 11: leaf actions=[1, 1, 1, 1] | 12: leaf actions=[0, -1, 1, 1] | 13: leaf actions=[1, 1, 0, -1] | 14: leaf actions=[1, 0, 1, -1]"
candidate,26,4,,124.67374057470559,,,,,,,,124.67374057470559,10,10,100,5,100,20260416,9,9,20260416,100,7500,955,1,955,-164.911,-153.457,-203,174.667,3.08816,3.96124,16.9528,"0: split feature=speed threshold=3.7339 | 1: split feature=neighbor_count threshold=12.0000 | 2: split feature=neighbor_count threshold=0.9170 | 3: split feature=nearest_neighbor_distance threshold=7.9005 | 4: split feature=mean_neighbor_distance threshold=40.9957 | 5: split feature=speed threshold=1.7591 | 6: split feature=neighbor_count threshold=0.0768 | 7: leaf actions=[0, 1, -1, -1] | 8: leaf actions=[1, 1, 0, -1] | 9: leaf actions=[0, 1, 0, 1] | 10: leaf actions=[0, 1, 1, -1] | 11: leaf actions=[1, 0, 0, 1] | 12: leaf actions=[0, 1, 0, -1] | 13: leaf actions=[0, 0, 0, -1] | 14: leaf actions=[1, 0, 1, -1]"
candidate,26,5,,124.67373626754554,,,,,,,,124.67373626754554,10,10,100,5,100,20260416,9,9,20260416,100,7500,955,1,955,-164.911,-153.457,-203,174.667,3.08816,3.96124,16.7203,"0: split feature=speed threshold=3.7339 | 1: split feature=neighbor_count threshold=12.0000 | 2: split feature=neighbor_count threshold=0.9170 | 3: split feature=nearest_neighbor_distance threshold=7.9005 | 4: split feature=mean_neighbor_distance threshold=50.0000 | 5: split feature=speed threshold=1.9960 | 6: split feature=neighbor_count threshold=0.0768 | 7: leaf actions=[0, 1, -1, -1] | 8: leaf actions=[1, 1, 0, -1] | 9: leaf actions=[1, 1, -1, -1] | 10: leaf actions=[-1, 1, 1, -1] | 11: leaf actions=[1, 1, 1, 1] | 12: leaf actions=[0, -1, 1, 1] | 13: leaf actions=[0, 0, 0, -1] | 14: leaf actions=[1, 0, 1, -1]"
generation,26,,30,124.67375589769551,113.647538320476,124.67053593279059,15.432864755276197,70.33461197265001,124.67375589769551,1,"0: split feature=speed threshold=3.7339 | 1: split feature=neighbor_count threshold=12.0000 | 2: split feature=neighbor_count threshold=0.9170 | 3: split feature=nearest_neighbor_distance threshold=7.9005 | 4: split feature=mean_neighbor_distance threshold=40.9957 | 5: split feature=speed threshold=1.9960 | 6: split feature=neighbor_count threshold=0.0768 | 7: leaf actions=[0, 1, -1, -1] | 8: leaf actions=[1, 1, 0, -1] | 9: leaf actions=[0, 1, 0, 1] | 10: leaf actions=[0, 1, 1, -1] | 11: leaf actions=[1, 1, 1, 1] | 12: leaf actions=[0, -1, 1, 1] | 13: leaf actions=[0, 0, 0, -1] | 14: leaf actions=[1, 0, 1, -1]",124.67375589769551,10,10,100,5,100,20260416,9,9,20260416,100,7500,1319.6666666666667,0.9666666666666667,955,-152.85226688666665,-141.65010816133332,-203.001,168.7244,7.7514791433333325,3.437631623,36.30863433333333,
candidate,27,1,,124.67386064190552,,,,,,,,124.67386064190552,10,10,100,5,100,20260416,9,9,20260416,100,7500,955,1,955,-164.911,-153.457,-203,174.667,3.08816,3.96124,16.3446,"0: split feature=speed threshold=3.7339 | 1: split feature=neighbor_count threshold=12.0000 | 2: split feature=neighbor_count threshold=0.9170 | 3: split feature=nearest_neighbor_distance threshold=7.9005 | 4: split feature=mean_neighbor_distance threshold=40.9957 | 5: split feature=speed threshold=1.9960 | 6: split feature=neighbor_count threshold=0.0768 | 7: leaf actions=[0, 1, -1, -1] | 8: leaf actions=[1, 1, 0, -1] | 9: leaf actions=[0, 1, 0, 1] | 10: leaf actions=[0, 1, 1, -1] | 11: leaf actions=[1, 1, 1, 1] | 12: leaf actions=[0, -1, 1, 1] | 13: leaf actions=[0, 0, 0, -1] | 14: leaf actions=[1, 0, 1, -1]"
candidate,27,2,,124.67385676596558,,,,,,,,124.67385676596558,10,10,100,5,100,20260416,9,9,20260416,100,7500,955,1,955,-164.911,-153.457,-203,174.667,3.08816,3.96124,16.0631,"0: split feature=speed threshold=3.7339 | 1: split feature=neighbor_count threshold=12.0000 | 2: split feature=neighbor_count threshold=0.9170 | 3: split feature=nearest_neighbor_distance threshold=7.9005 | 4: split feature=mean_neighbor_distance threshold=40.9957 | 5: split feature=speed threshold=1.9960 | 6: split feature=neighbor_count threshold=0.0768 | 7: leaf actions=[0, 1, -1, -1] | 8: leaf actions=[1, 1, 0, -1] | 9: leaf actions=[0, 1, 0, 1] | 10: leaf actions=[0, 1, 1, -1] | 11: leaf actions=[1, 1, 1, 1] | 12: leaf actions=[0, -1, 1, 1] | 13: leaf actions=[1, 1, 0, -1] | 14: leaf actions=[1, 0, 1, -1]"
candidate,27,3,,124.67385556878551,,,,,,,,124.67385556878551,10,10,100,5,100,20260416,9,9,20260416,100,7500,955,1,955,-164.911,-153.457,-203,174.667,3.08816,3.96124,16.158,"0: split feature=speed threshold=3.7339 | 1: split feature=neighbor_count threshold=12.0000 | 2: split feature=neighbor_count threshold=0.9170 | 3: split feature=nearest_neighbor_distance threshold=7.9005 | 4: split feature=mean_neighbor_distance threshold=40.9957 | 5: split feature=speed threshold=1.9960 | 6: split feature=neighbor_count threshold=0.0768 | 7: leaf actions=[0, 1, -1, -1] | 8: leaf actions=[1, 1, 0, -1] | 9: leaf actions=[0, 1, 0, 1] | 10: leaf actions=[0, 1, 1, -1] | 11: leaf actions=[1, 1, 1, 1] | 12: leaf actions=[0, -1, 1, 1] | 13: leaf actions=[0, 0, 0, -1] | 14: leaf actions=[1, 0, 1, -1]"
candidate,27,4,,124.67385189239558,,,,,,,,124.67385189239558,10,10,100,5,100,20260416,9,9,20260416,100,7500,955,1,955,-164.911,-153.457,-203,174.667,3.08816,3.96124,16.3247,"0: split feature=speed threshold=3.7339 | 1: split feature=neighbor_count threshold=12.0000 | 2: split feature=neighbor_count threshold=0.9170 | 3: split feature=nearest_neighbor_distance threshold=7.9005 | 4: split feature=mean_neighbor_distance threshold=40.9957 | 5: split feature=speed threshold=1.7591 | 6: split feature=neighbor_count threshold=0.0768 | 7: leaf actions=[0, 1, -1, -1] | 8: leaf actions=[1, 1, 0, -1] | 9: leaf actions=[0, 1, 0, 1] | 10: leaf actions=[0, 1, 1, -1] | 11: leaf actions=[1, 0, 0, 1] | 12: leaf actions=[0, 1, 0, -1] | 13: leaf actions=[0, 0, 0, -1] | 14: leaf actions=[1, 0, 1, -1]"
candidate,27,5,,124.67381721171562,,,,,,,,124.67381721171562,10,10,100,5,100,20260416,9,9,20260416,100,7500,955,1,955,-164.911,-153.457,-203,174.667,3.08816,3.96124,16.4028,"0: split feature=speed threshold=3.7339 | 1: split feature=neighbor_count threshold=12.0000 | 2: split feature=neighbor_count threshold=0.9170 | 3: split feature=nearest_neighbor_distance threshold=7.9005 | 4: split feature=mean_neighbor_distance threshold=40.9957 | 5: split feature=speed threshold=1.7591 | 6: split feature=neighbor_count threshold=0.0768 | 7: leaf actions=[0, 1, -1, -1] | 8: leaf actions=[1, 1, 0, -1] | 9: leaf actions=[0, 1, 0, 1] | 10: leaf actions=[0, 1, 1, -1] | 11: leaf actions=[1, 0, 0, 1] | 12: leaf actions=[0, 1, 0, -1] | 13: leaf actions=[0, 0, 0, -1] | 14: leaf actions=[1, 0, 1, -1]"
generation,27,,30,124.67386064190552,117.83754245243817,124.67367098555556,10.134277435660103,92.99837210360002,124.67386064190552,1,"0: split feature=speed threshold=3.7339 | 1: split feature=neighbor_count threshold=12.0000 | 2: split feature=neighbor_count threshold=0.9170 | 3: split feature=nearest_neighbor_distance threshold=7.9005 | 4: split feature=mean_neighbor_distance threshold=40.9957 | 5: split feature=speed threshold=1.9960 | 6: split feature=neighbor_count threshold=0.0768 | 7: leaf actions=[0, 1, -1, -1] | 8: leaf actions=[1, 1, 0, -1] | 9: leaf actions=[0, 1, 0, 1] | 10: leaf actions=[0, 1, 1, -1] | 11: leaf actions=[1, 1, 1, 1] | 12: leaf actions=[0, -1, 1, 1] | 13: leaf actions=[0, 0, 0, -1] | 14: leaf actions=[1, 0, 1, -1]",124.67386064190552,10,10,100,5,100,20260416,9,9,20260416,100,7500,1153.1,1.0,955,-159.44963867264667,-146.64911693382666,-203.001,172.3111,5.990363033333333,3.3700969,20.549980333333334,
candidate,28,1,,124.67379175298555,,,,,,,,124.67379175298555,10,10,100,5,100,20260416,9,9,20260416,100,7500,955,1,955,-164.911,-153.457,-203,174.667,3.08816,3.96124,17.1803,"0: split feature=speed threshold=3.7339 | 1: split feature=neighbor_count threshold=12.0000 | 2: split feature=neighbor_count threshold=0.9170 | 3: split feature=nearest_neighbor_distance threshold=7.9005 | 4: split feature=mean_neighbor_distance threshold=40.9957 | 5: split feature=speed threshold=1.9960 | 6: split feature=neighbor_count threshold=0.0768 | 7: leaf actions=[0, 1, -1, -1] | 8: leaf actions=[1, 1, 0, -1] | 9: leaf actions=[0, 1, 0, 1] | 10: leaf actions=[0, 1, 1, -1] | 11: leaf actions=[1, 1, 1, 1] | 12: leaf actions=[0, -1, 1, 1] | 13: leaf actions=[0, 0, 0, -1] | 14: leaf actions=[1, 0, 1, -1]"
candidate,28,2,,124.67379044586558,,,,,,,,124.67379044586558,10,10,100,5,100,20260416,9,9,20260416,100,7500,955,1,955,-164.911,-153.457,-203,174.667,3.08816,3.96124,16.7367,"0: split feature=speed threshold=3.7339 | 1: split feature=neighbor_count threshold=12.0000 | 2: split feature=neighbor_count threshold=0.9170 | 3: split feature=nearest_neighbor_distance threshold=7.9005 | 4: split feature=mean_neighbor_distance threshold=40.9957 | 5: split feature=speed threshold=1.9960 | 6: split feature=neighbor_count threshold=0.0768 | 7: leaf actions=[0, 1, -1, -1] | 8: leaf actions=[1, 1, 0, -1] | 9: leaf actions=[0, 1, 0, 1] | 10: leaf actions=[0, 1, 1, -1] | 11: leaf actions=[1, 1, 1, 1] | 12: leaf actions=[0, -1, 1, 1] | 13: leaf actions=[0, 0, 0, -1] | 14: leaf actions=[1, 0, 1, -1]"
candidate,28,3,,124.67379036946551,,,,,,,,124.67379036946551,10,10,100,5,100,20260416,9,9,20260416,100,7500,955,1,955,-164.911,-153.457,-203,174.667,3.08816,3.96124,16.6976,"0: split feature=speed threshold=3.7339 | 1: split feature=neighbor_count threshold=12.0000 | 2: split feature=neighbor_count threshold=0.9170 | 3: split feature=nearest_neighbor_distance threshold=7.9005 | 4: split feature=mean_neighbor_distance threshold=40.9957 | 5: split feature=speed threshold=1.9960 | 6: split feature=neighbor_count threshold=0.0768 | 7: leaf actions=[0, 1, -1, -1] | 8: leaf actions=[1, 1, 0, -1] | 9: leaf actions=[0, 1, 0, 1] | 10: leaf actions=[0, 1, 1, -1] | 11: leaf actions=[1, 1, 1, 1] | 12: leaf actions=[0, -1, 1, 1] | 13: leaf actions=[1, 1, 0, -1] | 14: leaf actions=[1, 0, 1, -1]"
candidate,28,4,,124.67379003913558,,,,,,,,124.67379003913558,10,10,100,5,100,20260416,9,9,20260416,100,7500,955,1,955,-164.911,-153.457,-203,174.667,3.08816,3.96124,16.782,"0: split feature=speed threshold=3.7339 | 1: split feature=neighbor_count threshold=12.0000 | 2: split feature=neighbor_count threshold=0.9170 | 3: split feature=nearest_neighbor_distance threshold=7.9005 | 4: split feature=mean_neighbor_distance threshold=40.9957 | 5: split feature=speed threshold=1.7591 | 6: split feature=neighbor_count threshold=0.0768 | 7: leaf actions=[0, 1, -1, -1] | 8: leaf actions=[1, 1, 0, -1] | 9: leaf actions=[0, 1, 0, 1] | 10: leaf actions=[0, 1, 1, -1] | 11: leaf actions=[1, 0, 0, 1] | 12: leaf actions=[0, 1, 0, -1] | 13: leaf actions=[0, 0, 0, -1] | 14: leaf actions=[1, 0, 1, -1]"
candidate,28,5,,124.67376202379558,,,,,,,,124.67376202379558,10,10,100,5,100,20260416,9,9,20260416,100,7500,955,1,955,-164.911,-153.457,-203,174.667,3.08816,3.96124,16.959,"0: split feature=speed threshold=3.7339 | 1: split feature=neighbor_count threshold=12.0000 | 2: split feature=neighbor_count threshold=0.9170 | 3: split feature=nearest_neighbor_distance threshold=7.9005 | 4: split feature=mean_neighbor_distance threshold=40.9957 | 5: split feature=speed threshold=1.9960 | 6: split feature=neighbor_count threshold=0.0768 | 7: leaf actions=[0, 1, -1, -1] | 8: leaf actions=[1, 1, 0, -1] | 9: leaf actions=[0, 1, 0, 1] | 10: leaf actions=[0, 1, 1, -1] | 11: leaf actions=[1, 1, 1, 1] | 12: leaf actions=[0, -1, 1, 1] | 13: leaf actions=[0, 0, 0, -1] | 14: leaf actions=[1, 0, 1, -1]"
generation,28,,30,124.67379175298555,117.84065216668655,124.6735958491456,10.55040231511569,94.21263716500658,124.67379175298555,1,"0: split feature=speed threshold=3.7339 | 1: split feature=neighbor_count threshold=12.0000 | 2: split feature=neighbor_count threshold=0.9170 | 3: split feature=nearest_neighbor_distance threshold=7.9005 | 4: split feature=mean_neighbor_distance threshold=40.9957 | 5: split feature=speed threshold=1.9960 | 6: split feature=neighbor_count threshold=0.0768 | 7: leaf actions=[0, 1, -1, -1] | 8: leaf actions=[1, 1, 0, -1] | 9: leaf actions=[0, 1, 0, 1] | 10: leaf actions=[0, 1, 1, -1] | 11: leaf actions=[1, 1, 1, 1] | 12: leaf actions=[0, -1, 1, 1] | 13: leaf actions=[0, 0, 0, -1] | 14: leaf actions=[1, 0, 1, -1]",124.67379175298555,10,10,100,5,100,20260416,9,9,20260416,100,7500,931.2,1.0,955,-148.10957362623333,-134.5422683876,-203.001,170.28793333333334,5.293549666666666,3.4969495333333334,16.714968333333335,
candidate,29,1,,124.67397018679561,,,,,,,,124.67397018679561,10,10,100,5,100,20260416,9,9,20260416,100,7500,955,1,955,-164.911,-153.457,-203,174.667,3.08816,3.96124,12.8094,"0: split feature=speed threshold=3.7339 | 1: split feature=neighbor_count threshold=12.0000 | 2: split feature=neighbor_count threshold=0.9170 | 3: split feature=nearest_neighbor_distance threshold=7.9005 | 4: split feature=mean_neighbor_distance threshold=40.9957 | 5: split feature=speed threshold=1.9960 | 6: split feature=neighbor_count threshold=0.0768 | 7: leaf actions=[0, 1, -1, -1] | 8: leaf actions=[1, 1, 0, -1] | 9: leaf actions=[0, 1, 0, 1] | 10: leaf actions=[0, 1, 1, -1] | 11: leaf actions=[1, 1, 1, 1] | 12: leaf actions=[0, -1, 1, 1] | 13: leaf actions=[0, 0, 0, -1] | 14: leaf actions=[1, 0, 1, -1]"
candidate,29,2,,124.67390257178553,,,,,,,,124.67390257178553,10,10,100,5,100,20260416,9,9,20260416,100,7500,955,1,955,-164.911,-153.457,-203,174.667,3.08816,3.96124,13.8708,"0: split feature=speed threshold=3.7339 | 1: split feature=neighbor_count threshold=12.0000 | 2: split feature=neighbor_count threshold=0.9170 | 3: split feature=nearest_neighbor_distance threshold=7.9005 | 4: split feature=mean_neighbor_distance threshold=40.9957 | 5: split feature=speed threshold=1.9960 | 6: split feature=neighbor_count threshold=0.0768 | 7: leaf actions=[0, 1, -1, -1] | 8: leaf actions=[1, 1, 0, -1] | 9: leaf actions=[0, 1, 0, 1] | 10: leaf actions=[0, 1, 1, -1] | 11: leaf actions=[1, 1, 1, 1] | 12: leaf actions=[0, -1, 1, 1] | 13: leaf actions=[0, 0, 0, -1] | 14: leaf actions=[1, 0, 1, -1]"
candidate,29,3,,124.6738571976155,,,,,,,,124.6738571976155,10,10,100,5,100,20260416,9,9,20260416,100,7500,955,1,955,-164.911,-153.457,-203,174.667,3.08816,3.96124,16.282,"0: split feature=speed threshold=3.7339 | 1: split feature=neighbor_count threshold=12.0000 | 2: split feature=neighbor_count threshold=0.9170 | 3: split feature=nearest_neighbor_distance threshold=7.9005 | 4: split feature=mean_neighbor_distance threshold=40.9957 | 5: split feature=speed threshold=1.9960 | 6: split feature=neighbor_count threshold=0.0768 | 7: leaf actions=[0, 1, -1, -1] | 8: leaf actions=[1, 1, 0, -1] | 9: leaf actions=[0, 1, 0, 1] | 10: leaf actions=[0, 1, 1, -1] | 11: leaf actions=[1, 1, 1, 1] | 12: leaf actions=[0, -1, 1, 1] | 13: leaf actions=[0, 0, 0, -1] | 14: leaf actions=[1, 0, 1, -1]"
candidate,29,4,,124.67385606637558,,,,,,,,124.67385606637558,10,10,100,5,100,20260416,9,9,20260416,100,7500,955,1,955,-164.911,-153.457,-203,174.667,3.08816,3.96124,16.231,"0: split feature=speed threshold=3.7339 | 1: split feature=neighbor_count threshold=12.0000 | 2: split feature=neighbor_count threshold=0.9170 | 3: split feature=nearest_neighbor_distance threshold=7.9005 | 4: split feature=mean_neighbor_distance threshold=40.9957 | 5: split feature=speed threshold=1.9960 | 6: split feature=neighbor_count threshold=0.0768 | 7: leaf actions=[0, 1, -1, -1] | 8: leaf actions=[1, 1, 0, -1] | 9: leaf actions=[0, 1, 0, 1] | 10: leaf actions=[0, 1, 1, -1] | 11: leaf actions=[1, 1, 1, 1] | 12: leaf actions=[0, -1, 1, 1] | 13: leaf actions=[0, 0, 0, -1] | 14: leaf actions=[1, 0, 1, -1]"
candidate,29,5,,124.67385092163556,,,,,,,,124.67385092163556,10,10,100,5,100,20260416,9,9,20260416,100,7500,955,1,955,-164.911,-153.457,-203,174.667,3.08816,3.96124,15.7962,"0: split feature=speed threshold=3.7339 | 1: split feature=neighbor_count threshold=12.0000 | 2: split feature=neighbor_count threshold=0.9170 | 3: split feature=nearest_neighbor_distance threshold=7.9005 | 4: split feature=mean_neighbor_distance threshold=40.9957 | 5: split feature=speed threshold=1.9960 | 6: split feature=neighbor_count threshold=0.0768 | 7: leaf actions=[0, 1, -1, -1] | 8: leaf actions=[1, 1, 0, -1] | 9: leaf actions=[0, 1, 0, 1] | 10: leaf actions=[0, 1, 1, -1] | 11: leaf actions=[1, 1, 1, 1] | 12: leaf actions=[0, -1, 1, 1] | 13: leaf actions=[1, 1, 0, -1] | 14: leaf actions=[1, 0, 1, -1]"
generation,29,,30,124.67397018679561,121.10534663054649,124.67374645975555,7.465939710039266,95.99090818569324,124.67397018679561,1,"0: split feature=speed threshold=3.7339 | 1: split feature=neighbor_count threshold=12.0000 | 2: split feature=neighbor_count threshold=0.9170 | 3: split feature=nearest_neighbor_distance threshold=7.9005 | 4: split feature=mean_neighbor_distance threshold=40.9957 | 5: split feature=speed threshold=1.9960 | 6: split feature=neighbor_count threshold=0.0768 | 7: leaf actions=[0, 1, -1, -1] | 8: leaf actions=[1, 1, 0, -1] | 9: leaf actions=[0, 1, 0, 1] | 10: leaf actions=[0, 1, 1, -1] | 11: leaf actions=[1, 1, 1, 1] | 12: leaf actions=[0, -1, 1, 1] | 13: leaf actions=[0, 0, 0, -1] | 14: leaf actions=[1, 0, 1, -1]",124.67397018679561,10,10,100,5,100,20260416,9,9,20260416,100,7500,972.1666666666666,1.0,955,-162.725331053,-152.15000646366667,-203.001,173.53453333333334,3.870348133333333,3.5148857000000002,17.250167666666666,
candidate,30,1,,124.67384461805561,,,,,,,,124.67384461805561,10,10,100,5,100,20260416,9,9,20260416,100,7500,955,1,955,-164.911,-153.457,-203,174.667,3.08816,3.96124,16.0123,"0: split feature=speed threshold=3.7339 | 1: split feature=neighbor_count threshold=12.0000 | 2: split feature=neighbor_count threshold=0.9170 | 3: split feature=nearest_neighbor_distance threshold=7.9005 | 4: split feature=mean_neighbor_distance threshold=40.9957 | 5: split feature=speed threshold=1.9960 | 6: split feature=neighbor_count threshold=0.0768 | 7: leaf actions=[0, 1, -1, -1] | 8: leaf actions=[1, 1, 0, -1] | 9: leaf actions=[0, 1, 0, 1] | 10: leaf actions=[0, 1, 1, -1] | 11: leaf actions=[1, 1, 1, 1] | 12: leaf actions=[0, -1, 1, 1] | 13: leaf actions=[0, 0, 0, -1] | 14: leaf actions=[1, 0, 1, -1]"
candidate,30,2,,124.67384109952553,,,,,,,,124.67384109952553,10,10,100,5,100,20260416,9,9,20260416,100,7500,955,1,955,-164.911,-153.457,-203,174.667,3.08816,3.96124,16.1711,"0: split feature=speed threshold=3.7339 | 1: split feature=neighbor_count threshold=12.0000 | 2: split feature=neighbor_count threshold=0.9170 | 3: split feature=nearest_neighbor_distance threshold=7.9005 | 4: split feature=mean_neighbor_distance threshold=40.9957 | 5: split feature=speed threshold=1.9960 | 6: split feature=neighbor_count threshold=0.0768 | 7: leaf actions=[0, 1, -1, -1] | 8: leaf actions=[1, 1, 0, -1] | 9: leaf actions=[0, 1, 0, 1] | 10: leaf actions=[0, 1, 1, -1] | 11: leaf actions=[1, 1, 1, 1] | 12: leaf actions=[0, -1, 1, 1] | 13: leaf actions=[0, 0, 0, -1] | 14: leaf actions=[1, 0, 1, -1]"
candidate,30,3,,124.6738407475856,,,,,,,,124.6738407475856,10,10,100,5,100,20260416,9,9,20260416,100,7500,955,1,955,-164.911,-153.457,-203,174.667,3.08816,3.96124,16.144,"0: split feature=speed threshold=3.7339 | 1: split feature=neighbor_count threshold=12.0000 | 2: split feature=neighbor_count threshold=0.9170 | 3: split feature=nearest_neighbor_distance threshold=7.9005 | 4: split feature=mean_neighbor_distance threshold=40.9957 | 5: split feature=speed threshold=1.9960 | 6: split feature=neighbor_count threshold=0.0768 | 7: leaf actions=[0, 1, -1, -1] | 8: leaf actions=[1, 1, 0, -1] | 9: leaf actions=[0, 1, 0, 1] | 10: leaf actions=[0, 1, 1, -1] | 11: leaf actions=[1, 1, 1, 1] | 12: leaf actions=[0, -1, 1, 1] | 13: leaf actions=[0, 0, 0, -1] | 14: leaf actions=[1, 0, 1, -1]"
candidate,30,4,,124.67383716718561,,,,,,,,124.67383716718561,10,10,100,5,100,20260416,9,9,20260416,100,7500,955,1,955,-164.911,-153.457,-203,174.667,3.08816,3.96124,16.1451,"0: split feature=speed threshold=3.7339 | 1: split feature=neighbor_count threshold=12.0000 | 2: split feature=neighbor_count threshold=0.9170 | 3: split feature=nearest_neighbor_distance threshold=7.9005 | 4: split feature=mean_neighbor_distance threshold=40.9957 | 5: split feature=speed threshold=1.9960 | 6: split feature=neighbor_count threshold=0.0768 | 7: leaf actions=[0, 1, -1, -1] | 8: leaf actions=[1, 1, 0, -1] | 9: leaf actions=[0, 1, 0, 1] | 10: leaf actions=[0, 1, 1, -1] | 11: leaf actions=[1, 1, 1, 1] | 12: leaf actions=[0, -1, 1, 1] | 13: leaf actions=[0, 0, 0, -1] | 14: leaf actions=[1, 0, 1, -1]"
candidate,30,5,,124.67381306471557,,,,,,,,124.67381306471557,10,10,100,5,100,20260416,9,9,20260416,100,7500,955,1,955,-164.911,-153.457,-203,174.667,3.08816,3.96124,17.4055,"0: split feature=speed threshold=3.7339 | 1: split feature=neighbor_count threshold=12.0000 | 2: split feature=neighbor_count threshold=0.9170 | 3: split feature=nearest_neighbor_distance threshold=7.9005 | 4: split feature=mean_neighbor_distance threshold=40.9957 | 5: split feature=speed threshold=1.9960 | 6: split feature=neighbor_count threshold=0.0768 | 7: leaf actions=[0, 1, -1, -1] | 8: leaf actions=[1, 1, 0, -1] | 9: leaf actions=[0, 1, 0, 1] | 10: leaf actions=[0, 1, 1, -1] | 11: leaf actions=[1, 1, 1, 1] | 12: leaf actions=[0, -1, 1, 1] | 13: leaf actions=[1, 1, 0, -1] | 14: leaf actions=[1, 0, 1, -1]"
generation,30,,30,124.67384461805561,117.38171574035199,124.67349646172053,10.408093603360905,93.51977391100054,124.67384461805561,1,"0: split feature=speed threshold=3.7339 | 1: split feature=neighbor_count threshold=12.0000 | 2: split feature=neighbor_count threshold=0.9170 | 3: split feature=nearest_neighbor_distance threshold=7.9005 | 4: split feature=mean_neighbor_distance threshold=40.9957 | 5: split feature=speed threshold=1.9960 | 6: split feature=neighbor_count threshold=0.0768 | 7: leaf actions=[0, 1, -1, -1] | 8: leaf actions=[1, 1, 0, -1] | 9: leaf actions=[0, 1, 0, 1] | 10: leaf actions=[0, 1, 1, -1] | 11: leaf actions=[1, 1, 1, 1] | 12: leaf actions=[0, -1, 1, 1] | 13: leaf actions=[0, 0, 0, -1] | 14: leaf actions=[1, 0, 1, -1]",124.67384461805561,10,10,100,5,100,20260416,9,9,20260416,100,7500,992.1333333333333,1.0,955,-171.35890614666667,-162.10137447333332,-203.001,173.56936666666667,4.586889,3.3640125666666667,18.765066,
candidate,1,1,,1.26517372295,,,,,,,,1.26517372295,2,2,4,2,45,20260408,1,1,20260408,45,3,3,0,-1,10.3508,12.6491,10.3508,0.927374,14.502,2.16301,0.025166,"0: split feature=mean_neighbor_distance threshold=5.5666 | 1: split feature=mean_neighbor_distance threshold=13.7515 | 2: split feature=accel threshold=1.1163 | 3: split feature=speed threshold=3.3835 | 4: split feature=nearest_neighbor_distance threshold=4.3469 | 5: split feature=neighbor_count threshold=0.3814 | 6: split feature=speed threshold=1.0932 | 7: leaf actions=[1, 1, -1, 1] | 8: leaf actions=[-1, 1, 1, 1] | 9: leaf actions=[1, 0, -1, 0] | 10: leaf actions=[1, 0, -1, -1] | 11: leaf actions=[1, 0, 0, 0] | 12: leaf actions=[-1, -1, 0, -1] | 13: leaf actions=[-1, 0, -1, 0] | 14: leaf actions=[0, 1, 0, -1]"
candidate,1,2,,1.25254887395,,,,,,,,1.25254887395,2,2,4,2,45,20260408,1,1,20260408,45,3,3,0,-1,10.391,12.6738,10.391,0.902628,14.4987,2.08426,0.02425,"0: split feature=field_delta threshold=0.0000 | 1: split feature=neighbor_count threshold=0.4858 | 2: split feature=nearest_neighbor_distance threshold=24.2964 | 3: split feature=field_delta threshold=46.7800 | 4: split feature=field_delta threshold=8.3382 | 5: split feature=accel threshold=4.0375 | 6: split feature=field_delta threshold=-36.0254 | 7: leaf actions=[-1, 1, 0, 1] | 8: leaf actions=[1, 1, -1, 0] | 9: leaf actions=[-1, 1, -1, 1] | 10: leaf actions=[0, 0, 1, -1] | 11: leaf actions=[0, 0, 0, 1] | 12: leaf actions=[1, -1, 1, 0] | 13: leaf actions=[0, 1, 0, -1] | 14: leaf actions=[1, -1, -1, 1]"
generation,1,,2,1.26517372295,1.2588612984499998,1.2588612984499998,0.0063124245000000245,1.25254887395,1.26517372295,1,"0: split feature=mean_neighbor_distance threshold=5.5666 | 1: split feature=mean_neighbor_distance threshold=13.7515 | 2: split feature=accel threshold=1.1163 | 3: split feature=speed threshold=3.3835 | 4: split feature=nearest_neighbor_distance threshold=4.3469 | 5: split feature=neighbor_count threshold=0.3814 | 6: split feature=speed threshold=1.0932 | 7: leaf actions=[1, 1, -1, 1] | 8: leaf actions=[-1, 1, 1, 1] | 9: leaf actions=[1, 0, -1, 0] | 10: leaf actions=[1, 0, -1, -1] | 11: leaf actions=[1, 0, 0, 0] | 12: leaf actions=[-1, -1, 0, -1] | 13: leaf actions=[-1, 0, -1, 0] | 14: leaf actions=[0, 1, 0, -1]",1.26517372295,2,2,4,2,45,20260408,1,1,20260408,45,3,3.0,0.0,-1,10.370899999999999,12.66145,10.3508,0.915001,14.500350000000001,2.123635,0.024708,
candidate,1,1,,1.2607317073000002,,,,,,,,1.2607317073000002,2,2,4,2,46,20260408,1,1,20260408,46,3,3,0,-1,-2.46072,12.0778,-2.46072,2.83307,16.7203,2.77952,0.024417,"0: split feature=speed threshold=1.4304 | 1: split feature=accel threshold=7.6753 | 2: split feature=field_delta threshold=17.1647 | 3: split feature=speed threshold=2.2659 | 4: split feature=neighbor_count threshold=7.3079 | 5: split feature=nearest_neighbor_distance threshold=21.6194 | 6: split feature=field_delta threshold=12.4510 | 7: leaf actions=[1, 0, 0, -1] | 8: leaf actions=[-1, -1, -1, 0] | 9: leaf actions=[-1, -1, -1, 1] | 10: leaf actions=[0, -1, 0, 1] | 11: leaf actions=[1, 0, 1, -1] | 12: leaf actions=[0, -1, -1, 1] | 13: leaf actions=[-1, -1, -1, -1] | 14: leaf actions=[0, 0, -1, 1]"
candidate,1,2,,1.2463144906249999,,,,,,,,1.2463144906249999,2,2,4,2,46,20260408,1,1,20260408,46,3,3,0,-1,-2.39184,12.1123,-2.39184,2.79864,16.7223,2.78219,0.028875,"0: split feature=field_delta threshold=0.0000 | 1: split feature=neighbor_count threshold=0.4858 | 2: split feature=nearest_neighbor_distance threshold=24.2964 | 3: split feature=field_delta threshold=46.7800 | 4: split feature=field_delta threshold=8.3382 | 5: split feature=accel threshold=4.0375 | 6: split feature=field_delta threshold=-36.0254 | 7: leaf actions=[-1, 1, 0, 1] | 8: leaf actions=[1, 1, -1, 0] | 9: leaf actions=[-1, 1, -1, 1] | 10: leaf actions=[0, 0, 1, -1] | 11: leaf actions=[0, 0, 0, 1] | 12: leaf actions=[1, -1, 1, 0] | 13: leaf actions=[0, 1, 0, -1] | 14: leaf actions=[1, -1, -1, 1]"
generation,1,,2,1.2607317073000002,1.2535230989625,1.2535230989625,0.007208608337500144,1.2463144906249999,1.2607317073000002,1,"0: split feature=speed threshold=1.4304 | 1: split feature=accel threshold=7.6753 | 2: split feature=field_delta threshold=17.1647 | 3: split feature=speed threshold=2.2659 | 4: split feature=neighbor_count threshold=7.3079 | 5: split feature=nearest_neighbor_distance threshold=21.6194 | 6: split feature=field_delta threshold=12.4510 | 7: leaf actions=[1, 0, 0, -1] | 8: leaf actions=[-1, -1, -1, 0] | 9: leaf actions=[-1, -1, -1, 1] | 10: leaf actions=[0, -1, 0, 1] | 11: leaf actions=[1, 0, 1, -1] | 12: leaf actions=[0, -1, -1, 1] | 13: leaf actions=[-1, -1, -1, -1] | 14: leaf actions=[0, 0, -1, 1]",1.2607317073000002,2,2,4,2,46,20260408,1,1,20260408,46,3,3.0,0.0,-1,-2.42628,12.09505,-2.46072,2.815855,16.7213,2.780855,0.026646000000000003,
